method,budget,actual_bops,bops_abs_delta,variant,parameter_count_pruned,physical_parameter_mib_fp32,parameter_reduction,canonical_int8_count,canonical_fp16_count,canonical_fp32_count,AP@0.3,AP@0.5,AP@0.7,mAP,forward_p50_ms,forward_p90_ms,forward_p99_ms,speedup_vs_fresh_fp32,num_evaluated_frames,num_skipped_frames,source_engine_reused,cache_hit,engine_built_this_run,evaluation_executed_this_run,all_deployment_checks_passed,candidate_hash,engine_hash,artifact_dir,resource_artifact_dir
ga,0.3,0.3042234480381012,0.004223448038101207,prune_only,4316459,16.465984344482422,0.21013283033148022,0,1,69,0.8262961662385816,0.7815751186434301,0.6024283580865446,0.7367665476561854,6.031342005978028,6.257188552990556,27.948410470643157,1.1658438425879756,1789,0,False,False,True,True,True,144f4a28d1df562bab7437acba436c16bb24ce431f5e0d840910abc9cea47c6e,da7aa305ac08104fff6d52383e0d979bf1f7f2f0f31504040c802665838d4779,/home/lixingfeng/UniAD_examine/heal_compress/outputs/h800_lidar_pyramid_prune_quant_ablation_20260718_124729/candidates/ga/bops_0.30/prune_only,/home/lixingfeng/UniAD_examine/heal_compress/outputs/h800_lidar_pyramid_prune_quant_ablation_20260718_124729/candidates/ga/bops_0.30/prune_only
ga,0.3,0.3042234480381012,0.004223448038101207,prune_quant,4316459,16.465984344482422,0.21013283033148022,0,26,44,0.8260782173078257,0.7813958345845804,0.6020918683250785,0.7365219734058283,6.639321645100911,6.879790623982748,25.580293573425053,1.0590845444881019,1789,0,True,False,False,True,True,cb7b234ae1783ad6c3b616e7708e6d420a4bb478b2922c50118d88e832afc801,2a18f8e1e1aeb90af046ad7b8a38934bf222ff0d6dec06d3ba1945fb8b0e98fb,/home/lixingfeng/UniAD_examine/heal_compress/outputs/h800_lidar_pyramid_prune_quant_ablation_20260718_124729/candidates/ga/bops_0.30/prune_quant,/home/lixingfeng/UniAD_examine/heal_compress/outputs/h800_domain_width_joint_ga_20260716_234248/round_000/stage2/cb7b234ae1783ad6c3b616e7708e6d420a4bb478b2922c50118d88e832afc801
ga,0.3,0.3042234480381012,0.004223448038101207,quant_only,5464791,20.84652328491211,0.0,0,26,44,0.8262086924602295,0.7816929421831942,0.6022921622140404,0.7367312656191546,7.1860793977975845,7.338799738014738,25.202497160048203,0.9785033745058209,1789,0,False,False,True,True,True,5c2d60c30079d1a2e52f963053d6ac09ffbbe24a8bbfc1c1687daac672d411bd,2748bf5bfb7dc4982c17917905b246cd2dabcecf54ee1ab8bb329a0084fd747e,/home/lixingfeng/UniAD_examine/heal_compress/outputs/h800_lidar_pyramid_prune_quant_ablation_20260718_124729/candidates/ga/bops_0.30/quant_only,/home/lixingfeng/UniAD_examine/heal_compress/outputs/h800_lidar_pyramid_prune_quant_ablation_20260718_124729/candidates/ga/bops_0.30/quant_only
ga,0.25,0.25451675057411194,0.0045167505741119385,prune_only,4334751,16.535762786865234,0.2067855842977343,0,1,69,0.8261621461620908,0.7815333845319034,0.6022561615433214,0.7366505640791052,6.080440400789182,6.323767950137457,30.0509838200947,1.1564298762469674,1789,0,False,False,True,True,True,bd74071c3f56c8388fdca2d583a4cb086b53ef219fbe73603206c1e4fbb9dd68,c9279cf04147c6c6d5d0196e426e098690a550af59b9cec493411f4e6f0a046a,/home/lixingfeng/UniAD_examine/heal_compress/outputs/h800_lidar_pyramid_prune_quant_ablation_20260718_124729/candidates/ga/bops_0.25/prune_only,/home/lixingfeng/UniAD_examine/heal_compress/outputs/h800_lidar_pyramid_prune_quant_ablation_20260718_124729/candidates/ga/bops_0.25/prune_only
ga,0.25,0.25451675057411194,0.0045167505741119385,prune_quant,4334751,16.535762786865234,0.2067855842977343,1,29,40,0.8262382223573896,0.7816680990024752,0.6025844310828282,0.736830250814231,4.95099532417953,5.260689618686834,27.682552045818035,1.4202402708544182,1789,0,True,False,False,True,True,9a41b6c0bac0448e37b0d843fe8617e7256edde30c9bf36def03fa34ef18c204,6c950f8ddadf52420fe8581a8fca2afa9cf73b1e793cd0287ceddb310e7f6233,/home/lixingfeng/UniAD_examine/heal_compress/outputs/h800_lidar_pyramid_prune_quant_ablation_20260718_124729/candidates/ga/bops_0.25/prune_quant,/home/lixingfeng/UniAD_examine/heal_compress/outputs/h800_domain_width_joint_ga_20260716_234248/round_001/stage2/9a41b6c0bac0448e37b0d843fe8617e7256edde30c9bf36def03fa34ef18c204
ga,0.25,0.25451675057411194,0.0045167505741119385,quant_only,5464791,20.84652328491211,0.0,1,29,40,0.8261996714158708,0.7817521349426834,0.6025868740754751,0.736846226811343,5.046602338552475,5.274212344860038,25.08239063432969,1.3933340628991544,1789,0,False,False,True,True,True,065d4cd6646b129d6ad3952eef7aa9c2781f230fc380a0439615511c8cc84162,7a2a13752e0d2c96f27b18bf1b6f47acc174b6d88c21c73791cf93b2e9827cba,/home/lixingfeng/UniAD_examine/heal_compress/outputs/h800_lidar_pyramid_prune_quant_ablation_20260718_124729/candidates/ga/bops_0.25/quant_only,/home/lixingfeng/UniAD_examine/heal_compress/outputs/h800_lidar_pyramid_prune_quant_ablation_20260718_124729/candidates/ga/bops_0.25/quant_only
ga,0.2,0.2043001502752304,0.004300150275230397,prune_only,4298167,16.39620590209961,0.21348007636522603,0,1,69,0.8261361426432208,0.7815729607566596,0.6020930750985529,0.7366007261661446,6.116786971688271,6.379766513903936,30.7768206919081,1.1495582521931327,1789,0,False,False,True,True,True,087598d6760f2e758d4e6a8e106cf26ada1e7837eae667083cbdc717e5c5379e,f9919a0d448f23cddffc4dffa911f500402ccfaf5a09e9dad1dac821b2a1fbd2,/home/lixingfeng/UniAD_examine/heal_compress/outputs/h800_lidar_pyramid_prune_quant_ablation_20260718_124729/candidates/ga/bops_0.20/prune_only,/home/lixingfeng/UniAD_examine/heal_compress/outputs/h800_lidar_pyramid_prune_quant_ablation_20260718_124729/candidates/ga/bops_0.20/prune_only
ga,0.2,0.2043001502752304,0.004300150275230397,prune_quant,4298167,16.39620590209961,0.21348007636522603,3,29,38,0.826223275044135,0.781510262280728,0.6020795131384981,0.7366043501544537,4.88269926669697,5.11178948606054,25.35944398180822,1.4401056784659207,1789,0,True,False,False,True,True,386f5ec9f802597a75d49f4129aa250d7557d11fed102e41283ca3f3faf0e60e,932907fbb35315efc2c5ff1615465d73aa6d6c1ac74d71fd28034b250563a8d4,/home/lixingfeng/UniAD_examine/heal_compress/outputs/h800_lidar_pyramid_prune_quant_ablation_20260718_124729/candidates/ga/bops_0.20/prune_quant,/home/lixingfeng/UniAD_examine/heal_compress/outputs/h800_domain_width_joint_ga_20260716_234248/round_002/stage2/386f5ec9f802597a75d49f4129aa250d7557d11fed102e41283ca3f3faf0e60e
ga,0.2,0.2043001502752304,0.004300150275230397,quant_only,5464791,20.84652328491211,0.0,3,29,38,0.8262759739755381,0.7817711203245573,0.6020932411052654,0.7367134451351203,4.971335021158059,5.184443558876713,25.574755842473753,1.4144295064173125,1789,0,False,False,True,True,True,02ee247859bf54fd8c99d858f52da849c350a8be47a92da9b8230778411ea80f,f880f95066d88cedca847e79a5c55cc87a46d9817beaa71f0861c249cef89e41,/home/lixingfeng/UniAD_examine/heal_compress/outputs/h800_lidar_pyramid_prune_quant_ablation_20260718_124729/candidates/ga/bops_0.20/quant_only,/home/lixingfeng/UniAD_examine/heal_compress/outputs/h800_lidar_pyramid_prune_quant_ablation_20260718_124729/candidates/ga/bops_0.20/quant_only
ga,0.15,0.1545257717370987,0.004525771737098699,prune_only,4298167,16.39620590209961,0.21348007636522603,0,1,69,0.8261361426432208,0.7815729607566596,0.6020930750985529,0.7366007261661446,6.116786971688271,6.379766513903936,30.7768206919081,1.1495582521931327,1789,0,False,True,False,False,True,087598d6760f2e758d4e6a8e106cf26ada1e7837eae667083cbdc717e5c5379e,f9919a0d448f23cddffc4dffa911f500402ccfaf5a09e9dad1dac821b2a1fbd2,/home/lixingfeng/UniAD_examine/heal_compress/outputs/h800_lidar_pyramid_prune_quant_ablation_20260718_124729/candidates/ga/bops_0.20/prune_only,/home/lixingfeng/UniAD_examine/heal_compress/outputs/h800_lidar_pyramid_prune_quant_ablation_20260718_124729/candidates/ga/bops_0.20/prune_only
ga,0.15,0.1545257717370987,0.004525771737098699,prune_quant,4298167,16.39620590209961,0.21348007636522603,10,31,29,0.8261801546959558,0.7812602213270949,0.6023354510099247,0.7365919423443251,4.563746741041541,4.821615216011803,26.92598707972775,1.540752223820145,1789,0,True,False,False,True,True,f7d76246679b40d55803dd30470f0de70303c1c30822b6d9f87ed1e5b3542cc4,ebe44ee96e4652e6b66b13dc89033b05e3ede730446d60485a0623665e02fe62,/home/lixingfeng/UniAD_examine/heal_compress/outputs/h800_lidar_pyramid_prune_quant_ablation_20260718_124729/candidates/ga/bops_0.15/prune_quant,/home/lixingfeng/UniAD_examine/heal_compress/outputs/h800_domain_width_joint_ga_20260716_234248/round_003/stage2/f7d76246679b40d55803dd30470f0de70303c1c30822b6d9f87ed1e5b3542cc4
ga,0.15,0.1545257717370987,0.004525771737098699,quant_only,5464791,20.84652328491211,0.0,10,31,29,0.826393953443095,0.7815566374555096,0.6022485737650654,0.7367330548878899,4.677444385985534,4.946650471538305,24.88701167515115,1.503300169913221,1789,0,False,False,True,True,True,d2a211a37f3fc4d8d7b6919f653eacb94f297813b919d209e4a664759f0df4fd,f1d0bb24a6cd2b807d7fe5c4721fc7dc625db44a86b9a39e9e54be6aa686c43e,/home/lixingfeng/UniAD_examine/heal_compress/outputs/h800_lidar_pyramid_prune_quant_ablation_20260718_124729/candidates/ga/bops_0.15/quant_only,/home/lixingfeng/UniAD_examine/heal_compress/outputs/h800_lidar_pyramid_prune_quant_ablation_20260718_124729/candidates/ga/bops_0.15/quant_only
ga,0.1,0.10495740920305252,0.004957409203052515,prune_only,4258667,16.245525360107422,0.22070816614944655,0,1,69,0.8261577781776044,0.7815448356595014,0.6023089655691554,0.7366705264687538,6.045439979061484,6.251890057077011,28.344246493636955,1.1631250933870498,1789,0,False,False,True,True,True,3187b5ced1da211a3cc190ef79cff2eda35fa9e7363b1832007cdd38e81e9375,0000c2936eb42dd348e807acf69741a0ba821e8158dc87df0878ee563b409f44,/home/lixingfeng/UniAD_examine/heal_compress/outputs/h800_lidar_pyramid_prune_quant_ablation_20260718_124729/candidates/ga/bops_0.10/prune_only,/home/lixingfeng/UniAD_examine/heal_compress/outputs/h800_lidar_pyramid_prune_quant_ablation_20260718_124729/candidates/ga/bops_0.10/prune_only
ga,0.1,0.10495740920305252,0.004957409203052515,prune_quant,4258667,16.245525360107422,0.22070816614944655,14,47,9,0.8259429928644404,0.7815194325726634,0.6019558251269805,0.7364727501880282,3.492287049690882,3.7395754829049115,21.304491003965307,2.013466487765973,1789,0,True,False,False,True,True,702e8db80f4561f01db09e66e9d8cd3cecd85636b3cdee3348f8a7fc157012e3,444f64eb6e10496a62a770fea05a926b2ca0add9aa4bf8ebd8795c3a3772b51b,/home/lixingfeng/UniAD_examine/heal_compress/outputs/h800_lidar_pyramid_prune_quant_ablation_20260718_124729/candidates/ga/bops_0.10/prune_quant,/home/lixingfeng/UniAD_examine/heal_compress/outputs/h800_domain_width_joint_ga_20260716_234248/round_004/stage2/702e8db80f4561f01db09e66e9d8cd3cecd85636b3cdee3348f8a7fc157012e3
ga,0.1,0.10495740920305252,0.004957409203052515,quant_only,5464791,20.84652328491211,0.0,14,47,9,0.8262256335723359,0.7815367238945415,0.6024846028178096,0.7367489867615623,3.5621206431339183,3.749704997365673,20.434767945349016,1.973993484405222,1789,0,False,False,True,True,True,b76519dbc7afd318b19cb16659c218d7d44db0659938e145a7ef50f66fb50fac,57d2e8e3fd851c2a4b17a590cbb495b00e90cec99c266fc84b58aa560144515a,/home/lixingfeng/UniAD_examine/heal_compress/outputs/h800_lidar_pyramid_prune_quant_ablation_20260718_124729/candidates/ga/bops_0.10/quant_only,/home/lixingfeng/UniAD_examine/heal_compress/outputs/h800_lidar_pyramid_prune_quant_ablation_20260718_124729/candidates/ga/bops_0.10/quant_only
ga,0.05,0.0548066571354866,0.0048066571354866,prune_only,3053007,11.646297454833984,0.44133142511763035,0,1,69,0.825666914954808,0.781418111608731,0.6020974763689934,0.7363941676441774,5.729563068598509,5.948694547017415,32.389948389788216,1.2272494178045017,1789,0,False,False,True,True,True,d758c511064f7758e16ecc54a429d4c468cc51bdd5e2e46c86d3b974c39d11e8,fa75ddde006d1314d70311836560da320315abb03c29d01abaaf20afdf13123b,/home/lixingfeng/UniAD_examine/heal_compress/outputs/h800_lidar_pyramid_prune_quant_ablation_20260718_124729/candidates/ga/bops_0.05/prune_only,/home/lixingfeng/UniAD_examine/heal_compress/outputs/h800_lidar_pyramid_prune_quant_ablation_20260718_124729/candidates/ga/bops_0.05/prune_only
ga,0.05,0.0548066571354866,0.0048066571354866,prune_quant,3053007,11.646297454833984,0.44133142511763035,32,37,1,0.7965395115064888,0.7538130163200045,0.5727004521792844,0.7076843266685926,3.2444073197742305,3.4581619004408517,19.470797255624785,2.1672996782355316,1789,0,True,False,False,True,True,abfefc9d324dc6ed2f81bf36b727dc8ae4e373ea057d8de4fad9bf2472324098,4cb7794d5dfcb46da51c52d7439e8c2a6fa5bd6e2f206fce4f875fdda0373e89,/home/lixingfeng/UniAD_examine/heal_compress/outputs/h800_lidar_pyramid_prune_quant_ablation_20260718_124729/candidates/ga/bops_0.05/prune_quant,/home/lixingfeng/UniAD_examine/heal_compress/outputs/h800_domain_width_joint_ga_20260716_234248/round_005/stage2/abfefc9d324dc6ed2f81bf36b727dc8ae4e373ea057d8de4fad9bf2472324098
ga,0.05,0.0548066571354866,0.0048066571354866,quant_only,5464791,20.84652328491211,0.0,32,37,1,0.8041063931178232,0.7580353533740753,0.5590363497947237,0.707059365428874,3.3369503604869046,3.5636890834818287,27.74124105770437,2.1071943483108004,1789,0,False,False,True,True,True,e6e15381aeb82ded6f9382229e455c8fe787e3989ee5260c475d475b6e6040ab,5c3e250360740ad3ea1275e5e0752a52fd423c3c4abedd0e2e31bbb3e074645e,/home/lixingfeng/UniAD_examine/heal_compress/outputs/h800_lidar_pyramid_prune_quant_ablation_20260718_124729/candidates/ga/bops_0.05/quant_only,/home/lixingfeng/UniAD_examine/heal_compress/outputs/h800_lidar_pyramid_prune_quant_ablation_20260718_124729/candidates/ga/bops_0.05/quant_only
greedy,0.3,0.3019222021102905,0.0019222021102905384,prune_only,4316459,16.465984344482422,0.21013283033148022,0,1,69,0.8262661490938178,0.7816198290542767,0.6022611209907545,0.7367156997129497,6.101444674034913,6.3408248747388525,32.40984647222736,1.1524488569297577,1789,0,False,False,True,True,True,8fd3a0af25602a66bd5555903f3668694bf99273a5c289b2297c7df005ac6dbf,4f1e6c967a81a2ba8c2004b1c85c381813a4f44b8964b3525bf07114a8633e0a,/home/lixingfeng/UniAD_examine/heal_compress/outputs/h800_lidar_pyramid_prune_quant_ablation_20260718_124729/candidates/greedy/bops_0.30/prune_only,/home/lixingfeng/UniAD_examine/heal_compress/outputs/h800_lidar_pyramid_prune_quant_ablation_20260718_124729/candidates/greedy/bops_0.30/prune_only
greedy,0.3,0.3019222021102905,0.0019222021102905384,prune_quant,4316459,16.465984344482422,0.21013283033148022,0,26,44,0.8261665961236447,0.7816934038313931,0.602280343355299,0.7367134477701122,6.5822601318359375,6.781910872086883,26.35363907551799,1.068265732343584,1789,0,False,False,True,True,True,f3fccadcceb887e5a0a207183553052ed309f931260e7d7bfa17760615ce0939,529d8537ed038c526e69cc686574b7cc8c1c2ad43df173b170e29f153f6d5d8b,/home/lixingfeng/UniAD_examine/heal_compress/outputs/h800_lidar_pyramid_prune_quant_ablation_20260718_124729/candidates/greedy/bops_0.30/prune_quant,/home/lixingfeng/UniAD_examine/heal_compress/outputs/h800_lidar_pyramid_prune_quant_ablation_20260718_124729/candidates/greedy/bops_0.30/prune_quant
greedy,0.3,0.3019222021102905,0.0019222021102905384,quant_only,5464791,20.84652328491211,0.0,0,26,44,0.8261695420452244,0.7816144310361925,0.6023461937700202,0.7367100556171456,7.237827560553948,7.466063027580579,30.51543050754679,0.9715073869034715,1789,0,False,False,True,True,True,d81e3793624f4e736fede087edfb3bd20fa2374128b6eb203bbd7c6484b096e8,8b75740ffa26236b71c6a185ae18c16af5474a62934c472dfa6c22917dbd6320,/home/lixingfeng/UniAD_examine/heal_compress/outputs/h800_lidar_pyramid_prune_quant_ablation_20260718_124729/candidates/greedy/bops_0.30/quant_only,/home/lixingfeng/UniAD_examine/heal_compress/outputs/h800_lidar_pyramid_prune_quant_ablation_20260718_124729/candidates/greedy/bops_0.30/quant_only
greedy,0.25,0.24907951056957245,0.0009204894304275513,prune_only,4316459,16.465984344482422,0.21013283033148022,0,1,69,0.8262661490938178,0.7816198290542767,0.6022611209907545,0.7367156997129497,6.101444674034913,6.3408248747388525,32.40984647222736,1.1524488569297577,1789,0,False,True,False,False,True,8fd3a0af25602a66bd5555903f3668694bf99273a5c289b2297c7df005ac6dbf,4f1e6c967a81a2ba8c2004b1c85c381813a4f44b8964b3525bf07114a8633e0a,/home/lixingfeng/UniAD_examine/heal_compress/outputs/h800_lidar_pyramid_prune_quant_ablation_20260718_124729/candidates/greedy/bops_0.30/prune_only,/home/lixingfeng/UniAD_examine/heal_compress/outputs/h800_lidar_pyramid_prune_quant_ablation_20260718_124729/candidates/greedy/bops_0.30/prune_only
greedy,0.25,0.24907951056957245,0.0009204894304275513,prune_quant,4316459,16.465984344482422,0.21013283033148022,0,31,39,0.8261961248518527,0.7815739096453237,0.6026512439548357,0.7368070928173373,6.6062820454438524,6.825477660944065,26.81398862971497,1.0643812800970514,1789,0,True,False,False,True,True,01ad532f87c709bdf17c282d32906b4f3f641000c411f44be545feae6f53e316,6ebe0cbf0b46d21012c3866efa25409e576194cb0d65dc379a413f8495177a03,/home/lixingfeng/UniAD_examine/heal_compress/outputs/h800_lidar_pyramid_prune_quant_ablation_20260718_124729/candidates/greedy/bops_0.25/prune_quant,/home/lixingfeng/UniAD_examine/heal_compress/outputs/h800_domain_width_joint_greedy_20260717_030912/greedy/stage2_full/01ad532f87c709bdf17c282d32906b4f3f641000c411f44be545feae6f53e316
greedy,0.25,0.24907951056957245,0.0009204894304275513,quant_only,5464791,20.84652328491211,0.0,0,31,39,0.8263633143624084,0.7818269843901161,0.602273471490073,0.7368212567475325,6.649174261838198,6.724189687520266,22.073621187966676,1.0575152136662112,1789,0,False,False,True,True,True,ecb23c5a3ff00e917f5fc2c828e6b34dcb6962123ec8353f460a6b02725e8a6d,282b193524985f1991e24d6d99e56cc1c8ec137a372074fa183694dcfb2bb151,/home/lixingfeng/UniAD_examine/heal_compress/outputs/h800_lidar_pyramid_prune_quant_ablation_20260718_124729/candidates/greedy/bops_0.25/quant_only,/home/lixingfeng/UniAD_examine/heal_compress/outputs/h800_lidar_pyramid_prune_quant_ablation_20260718_124729/candidates/greedy/bops_0.25/quant_only
greedy,0.2,0.19677375257015228,0.0032262474298477284,prune_only,4316459,16.465984344482422,0.21013283033148022,0,1,69,0.8262661490938178,0.7816198290542767,0.6022611209907545,0.7367156997129497,6.101444674034913,6.3408248747388525,32.40984647222736,1.1524488569297577,1789,0,False,True,False,False,True,8fd3a0af25602a66bd5555903f3668694bf99273a5c289b2297c7df005ac6dbf,4f1e6c967a81a2ba8c2004b1c85c381813a4f44b8964b3525bf07114a8633e0a,/home/lixingfeng/UniAD_examine/heal_compress/outputs/h800_lidar_pyramid_prune_quant_ablation_20260718_124729/candidates/greedy/bops_0.30/prune_only,/home/lixingfeng/UniAD_examine/heal_compress/outputs/h800_lidar_pyramid_prune_quant_ablation_20260718_124729/candidates/greedy/bops_0.30/prune_only
greedy,0.2,0.19677375257015228,0.0032262474298477284,prune_quant,4316459,16.465984344482422,0.21013283033148022,2,31,37,0.8261324403047109,0.7815546478802297,0.6023266498358303,0.7366712460069236,4.724286341418822,4.8280151560902596,19.573214904702926,1.4883947398708957,1789,0,True,False,False,True,True,da60927b00577ee3dac09ba2f51fbedeedc55b2d2e1264c816c3b1d332d7716f,7b8ffb5fab14f3eef7d8283d2c757490c09d24d89d8f9ad8be2098ec210eecd3,/home/lixingfeng/UniAD_examine/heal_compress/outputs/h800_lidar_pyramid_prune_quant_ablation_20260718_124729/candidates/greedy/bops_0.20/prune_quant,/home/lixingfeng/UniAD_examine/heal_compress/outputs/h800_domain_width_joint_greedy_20260717_030912/greedy/stage2_full/da60927b00577ee3dac09ba2f51fbedeedc55b2d2e1264c816c3b1d332d7716f
greedy,0.2,0.19677375257015228,0.0032262474298477284,quant_only,5464791,20.84652328491211,0.0,2,31,37,0.8263027263745365,0.7817079328780784,0.6019573730178448,0.7366560107568199,4.812149951855342,4.885093883300821,18.775345102561058,1.4612185843254186,1789,0,False,False,True,True,True,cb46aa0201797cdfca651f575e7542fcf3c507854e1d1601ce22c063bfde13c9,d13a47f17a2ddb498ba0883ad55e8dcedffec095a365b11ad0126e77961d31c5,/home/lixingfeng/UniAD_examine/heal_compress/outputs/h800_lidar_pyramid_prune_quant_ablation_20260718_124729/candidates/greedy/bops_0.20/quant_only,/home/lixingfeng/UniAD_examine/heal_compress/outputs/h800_lidar_pyramid_prune_quant_ablation_20260718_124729/candidates/greedy/bops_0.20/quant_only
greedy,0.15,0.14941340684890747,0.0005865931510925237,prune_only,4316459,16.465984344482422,0.21013283033148022,0,1,69,0.8262661490938178,0.7816198290542767,0.6022611209907545,0.7367156997129497,6.101444674034913,6.3408248747388525,32.40984647222736,1.1524488569297577,1789,0,False,True,False,False,True,8fd3a0af25602a66bd5555903f3668694bf99273a5c289b2297c7df005ac6dbf,4f1e6c967a81a2ba8c2004b1c85c381813a4f44b8964b3525bf07114a8633e0a,/home/lixingfeng/UniAD_examine/heal_compress/outputs/h800_lidar_pyramid_prune_quant_ablation_20260718_124729/candidates/greedy/bops_0.30/prune_only,/home/lixingfeng/UniAD_examine/heal_compress/outputs/h800_lidar_pyramid_prune_quant_ablation_20260718_124729/candidates/greedy/bops_0.30/prune_only
greedy,0.15,0.14941340684890747,0.0005865931510925237,prune_quant,4316459,16.465984344482422,0.21013283033148022,3,37,30,0.8262659482414275,0.7817426029934252,0.602398911653269,0.7368024876293738,4.338139357666175,4.4219721884777154,22.640946330491342,1.6208799119801776,1789,0,True,False,False,True,True,04b17de056360382e5585a5cfe47008c344128b325f00e7633fe065d7c2807ed,a8e2214a79120d255772bf073b811e3a8dfb247998ec4d7e0c440e05eb97dbee,/home/lixingfeng/UniAD_examine/heal_compress/outputs/h800_lidar_pyramid_prune_quant_ablation_20260718_124729/candidates/greedy/bops_0.15/prune_quant,/home/lixingfeng/UniAD_examine/heal_compress/outputs/h800_domain_width_joint_greedy_20260717_030912/greedy/stage2_full/04b17de056360382e5585a5cfe47008c344128b325f00e7633fe065d7c2807ed
greedy,0.15,0.14941340684890747,0.0005865931510925237,quant_only,5464791,20.84652328491211,0.0,3,37,30,0.8261216145856061,0.7813778399295872,0.6021944509247619,0.7365646351466517,4.468003598352273,4.5459292363375425,17.88283821504613,1.573768414780336,1789,0,False,False,True,True,True,33fe29a3d3e9e2d474c83d9ce65b7eb8f6a37fa366610239c48aea86e1c895db,a54d51f5cb7b089b49d482ce11e14c32203b2f18a0951eb92a8d0868e07c3b28,/home/lixingfeng/UniAD_examine/heal_compress/outputs/h800_lidar_pyramid_prune_quant_ablation_20260718_124729/candidates/greedy/bops_0.15/quant_only,/home/lixingfeng/UniAD_examine/heal_compress/outputs/h800_lidar_pyramid_prune_quant_ablation_20260718_124729/candidates/greedy/bops_0.15/quant_only
greedy,0.1,0.09847785532474518,0.0015221446752548273,prune_only,4258667,16.245525360107422,0.22070816614944655,0,1,69,0.8261445863032957,0.7815372179733107,0.6021873464856695,0.7366230502540919,5.9118846741815405,5.98108284175396,23.732059293721246,1.1894012362792192,1789,0,False,False,True,True,True,46d8820b058b768889185d62e50f939c0c29bb6c80bac9fa022eee3a85445f91,850cb6bb2724e760cb7f367a2def984ad723c7868dfc05baa85d7540826b5640,/home/lixingfeng/UniAD_examine/heal_compress/outputs/h800_lidar_pyramid_prune_quant_ablation_20260718_124729/candidates/greedy/bops_0.10/prune_only,/home/lixingfeng/UniAD_examine/heal_compress/outputs/h800_lidar_pyramid_prune_quant_ablation_20260718_124729/candidates/greedy/bops_0.10/prune_only
greedy,0.1,0.09847785532474518,0.0015221446752548273,prune_quant,4258667,16.245525360107422,0.22070816614944655,13,50,7,0.8261301118585598,0.7814536032750411,0.6024022463869103,0.7366619871735036,3.2618739642202854,3.3948968475063643,15.217613580937382,2.155694247338131,1789,0,True,False,False,True,True,0a0f2015b79da78289b9a1f3e9a44473634b89f2294c75f788ffcc10ada1d1e7,36db4a103cbdd45c8f89e9b3d6c8a3341993b17f951ec0aee8b6fbafd3512341,/home/lixingfeng/UniAD_examine/heal_compress/outputs/h800_lidar_pyramid_prune_quant_ablation_20260718_124729/candidates/greedy/bops_0.10/prune_quant,/home/lixingfeng/UniAD_examine/heal_compress/outputs/h800_domain_width_joint_greedy_20260717_030912/greedy/stage2_full/0a0f2015b79da78289b9a1f3e9a44473634b89f2294c75f788ffcc10ada1d1e7
greedy,0.1,0.09847785532474518,0.0015221446752548273,quant_only,5464791,20.84652328491211,0.0,13,50,7,0.8262444142968561,0.7815162095965467,0.6023336339335382,0.7366980859423137,3.2828173134475946,3.386308066546917,15.454649971788001,2.1419415912691004,1789,0,False,False,True,True,True,b230a7a1b5f162c54a5ce9842bebc0b25ef8332a90de0ed96a7dc40724ac0cb7,6c71b271643d58e121e22531b704a52557485cf4905b96a864c7a08e5d034932,/home/lixingfeng/UniAD_examine/heal_compress/outputs/h800_lidar_pyramid_prune_quant_ablation_20260718_124729/candidates/greedy/bops_0.10/quant_only,/home/lixingfeng/UniAD_examine/heal_compress/outputs/h800_lidar_pyramid_prune_quant_ablation_20260718_124729/candidates/greedy/bops_0.10/quant_only
greedy,0.05,0.04999448359012604,5.516409873965178e-06,prune_only,3341055,12.745113372802734,0.3886216325564875,0,1,69,0.8258132229304691,0.7810757688819187,0.6018709057605826,0.7362532991909901,5.686806282028556,5.75383078927795,23.292821145911603,1.2364766076933136,1789,0,False,False,True,True,True,2ab918a7d8c4dcf70f4b1c9b4556d66d39d1c2f48bfbe5f148825acab4e731a2,af1a471b0e5d4651a57a3fb9c369aaaf8c570035bff8bd3082baa7c46de93bdf,/home/lixingfeng/UniAD_examine/heal_compress/outputs/h800_lidar_pyramid_prune_quant_ablation_20260718_124729/candidates/greedy/bops_0.05/prune_only,/home/lixingfeng/UniAD_examine/heal_compress/outputs/h800_lidar_pyramid_prune_quant_ablation_20260718_124729/candidates/greedy/bops_0.05/prune_only
greedy,0.05,0.04999448359012604,5.516409873965178e-06,prune_quant,3341055,12.745113372802734,0.3886216325564875,33,36,1,0.7900033959975878,0.746079219334603,0.5630395839283072,0.6997073997534994,3.157032964130243,3.239332201580207,16.26288619822718,2.2272820778572036,1789,0,True,False,False,True,True,44a13481113231a0f086ccfa6a1cb7bf197567e67ee2d9c87cacdc218d912ee4,c220cab04bc40edf5df587d4126de4b39f9bfb26d3245c38208ce66b5d38475a,/home/lixingfeng/UniAD_examine/heal_compress/outputs/h800_lidar_pyramid_prune_quant_ablation_20260718_124729/candidates/greedy/bops_0.05/prune_quant,/home/lixingfeng/UniAD_examine/heal_compress/outputs/h800_domain_width_joint_greedy_20260717_030912/greedy/stage2_full/44a13481113231a0f086ccfa6a1cb7bf197567e67ee2d9c87cacdc218d912ee4
greedy,0.05,0.04999448359012604,5.516409873965178e-06,quant_only,5464791,20.84652328491211,0.0,33,36,1,0.7963646600977474,0.7494910707187353,0.5503892272030003,0.6987483193398277,3.2278253541638455,3.2976885947088403,15.045118508850319,2.1784335175200953,1789,0,False,False,True,True,True,1c3b73002367d25ac41bb4aa6fdb9876f7b27941b96dcf991921983ac581eb14,151149139fa9662ec437717cf4b883976cb1c2b7f993f82d561227df062a6503,/home/lixingfeng/UniAD_examine/heal_compress/outputs/h800_lidar_pyramid_prune_quant_ablation_20260718_124729/candidates/greedy/bops_0.05/quant_only,/home/lixingfeng/UniAD_examine/heal_compress/outputs/h800_lidar_pyramid_prune_quant_ablation_20260718_124729/candidates/greedy/bops_0.05/quant_only
