frame_id,round_id,model_type,total_time_ms,forward_time_ms,postprocess_time_ms,data_to_gpu_time_ms,success,skip_reason
0,1,baseline,678.404,561.269,111.748,5.388,True,
1,1,baseline,19.639,11.213,3.833,4.594,True,
2,1,baseline,18.029,10.574,3.738,3.716,True,
3,1,baseline,26.858,18.727,4.486,3.644,True,
4,1,baseline,18.688,11.038,3.917,3.732,True,
5,1,baseline,19.718,10.991,3.925,4.802,True,
6,1,baseline,19.163,11.513,3.858,3.793,True,
7,1,baseline,18.845,11.237,3.752,3.856,True,
8,1,baseline,17.733,10.539,3.446,3.749,True,
9,1,baseline,19.452,10.442,3.403,5.607,True,
10,1,baseline,26.543,18.041,3.314,5.187,True,
11,1,baseline,31.237,17.635,3.406,10.195,True,
12,1,baseline,17.198,10.397,3.314,3.487,True,
13,1,baseline,21.845,13.915,3.512,4.418,True,
14,1,baseline,86.46,76.985,3.987,5.489,True,
15,1,baseline,22.572,12.247,4.182,6.142,True,
16,1,baseline,20.94,11.712,3.896,5.331,True,
17,1,baseline,25.963,14.938,3.791,7.234,True,
18,1,baseline,21.07,11.776,3.805,5.489,True,
19,1,baseline,22.226,12.522,3.979,5.725,True,
20,1,baseline,26.16,14.67,4.028,7.462,True,
21,1,baseline,91.785,79.013,3.881,8.892,True,
22,1,baseline,38.338,19.351,4.197,14.79,True,
23,1,baseline,22.515,12.902,3.811,5.801,True,
24,1,baseline,22.779,12.079,4.786,5.914,True,
25,1,baseline,22.849,11.856,3.776,7.217,True,
26,1,baseline,21.09,11.638,3.784,5.668,True,
27,1,baseline,38.355,28.856,3.811,5.688,True,
28,1,baseline,32.462,17.526,3.858,11.078,True,
29,1,baseline,22.52,11.668,3.737,7.115,True,
30,1,baseline,23.697,13.835,4.09,5.772,True,
31,1,baseline,22.534,12.834,4.193,5.508,True,
32,1,baseline,23.009,13.218,4.016,5.774,True,
33,1,baseline,23.417,11.905,4.009,7.503,True,
34,1,baseline,23.223,13.036,4.179,6.008,True,
35,1,baseline,23.078,13.213,4.159,5.705,True,
36,1,baseline,22.847,13.088,3.89,5.869,True,
37,1,baseline,24.554,13.022,4.14,7.392,True,
38,1,baseline,33.506,17.923,3.791,11.793,True,
39,1,baseline,28.146,18.215,4.02,5.911,True,
40,1,baseline,22.321,12.626,3.849,5.846,True,
41,1,baseline,23.323,11.886,4.096,7.341,True,
42,1,baseline,21.821,12.068,4.012,5.741,True,
43,1,baseline,23.392,13.436,4.014,5.942,True,
44,1,baseline,23.711,13.928,4.082,5.701,True,
45,1,baseline,23.709,11.942,4.395,7.372,True,
46,1,baseline,21.525,11.709,3.752,6.064,True,
47,1,baseline,23.171,12.908,3.993,6.27,True,
48,1,baseline,36.93,26.733,4.234,5.962,True,
49,1,baseline,36.473,17.765,5.021,13.686,True,
50,1,baseline,45.809,23.954,9.995,11.861,True,
51,1,baseline,45.38,23.52,10.096,11.764,True,
52,1,baseline,28.126,18.465,4.099,5.562,True,
53,1,baseline,22.818,11.742,3.808,7.267,True,
54,1,baseline,22.185,12.639,3.737,5.81,True,
55,1,baseline,25.747,14.709,4.74,6.297,True,
56,1,baseline,21.424,12.144,3.841,5.438,True,
57,1,baseline,22.38,11.727,3.679,6.974,True,
58,1,baseline,21.32,11.82,3.746,5.754,True,
59,1,baseline,22.364,12.688,3.994,5.683,True,
60,1,baseline,39.485,28.989,4.677,5.82,True,
61,1,baseline,43.945,18.267,12.351,13.327,True,
62,1,baseline,44.964,23.173,9.929,11.862,True,
63,1,baseline,44.747,28.852,9.944,5.951,True,
64,1,baseline,27.608,15.49,5.29,6.828,True,
65,1,baseline,25.467,13.34,4.536,7.591,True,
66,1,baseline,26.411,14.598,4.761,7.052,True,
67,1,baseline,23.682,13.008,4.062,6.612,True,
68,1,baseline,22.855,12.171,5.196,5.489,True,
69,1,baseline,23.523,12.276,3.927,7.32,True,
70,1,baseline,21.87,12.072,3.92,5.878,True,
71,1,baseline,24.039,13.161,4.492,6.387,True,
72,1,baseline,21.845,11.996,3.88,5.969,True,
73,1,baseline,78.437,66.935,4.137,7.365,True,
74,1,baseline,21.72,11.95,3.921,5.849,True,
75,1,baseline,22.744,12.298,4.638,5.808,True,
76,1,baseline,24.693,14.556,4.337,5.8,True,
77,1,baseline,25.159,13.202,4.21,7.747,True,
78,1,baseline,22.068,12.25,3.909,5.91,True,
79,1,baseline,22.087,12.112,3.87,6.106,True,
80,1,baseline,22.171,12.187,3.958,6.025,True,
81,1,baseline,34.733,17.67,3.876,13.187,True,
82,1,baseline,37.201,27.163,4.173,5.865,True,
83,1,baseline,27.792,12.017,3.903,11.872,True,
84,1,baseline,28.94,19.179,3.903,5.858,True,
85,1,baseline,23.84,12.317,4.393,7.131,True,
86,1,baseline,21.531,12.131,3.883,5.516,True,
87,1,baseline,20.964,11.598,3.83,5.536,True,
88,1,baseline,27.566,11.702,4.163,11.701,True,
89,1,baseline,23.229,12.041,3.869,7.319,True,
90,1,baseline,40.065,18.286,15.943,5.837,True,
91,1,baseline,22.516,12.643,4.028,5.844,True,
92,1,baseline,21.584,12.066,3.792,5.726,True,
93,1,baseline,23.523,12.202,3.844,7.477,True,
94,1,baseline,23.202,13.206,4.175,5.821,True,
95,1,baseline,23.746,13.03,4.366,6.35,True,
96,1,baseline,23.882,13.381,4.032,6.469,True,
97,1,baseline,24.065,12.048,3.872,8.146,True,
98,1,baseline,29.366,19.838,3.796,5.732,True,
99,1,baseline,21.08,11.598,3.863,5.619,True,
100,1,baseline,21.433,12.236,3.916,5.281,True,
101,1,baseline,23.081,12.109,3.912,7.06,True,
102,1,baseline,21.019,11.572,3.821,5.626,True,
103,1,baseline,22.177,12.455,4.169,5.553,True,
104,1,baseline,24.712,12.077,6.663,5.972,True,
105,1,baseline,40.713,23.648,3.978,13.088,True,
106,1,baseline,38.655,23.07,3.945,11.64,True,
107,1,baseline,43.042,26.755,4.167,12.119,True,
108,1,baseline,20.991,11.721,3.891,5.378,True,
109,1,baseline,37.618,18.065,4.047,15.505,True,
110,1,baseline,21.887,11.731,3.911,6.245,True,
111,1,baseline,23.747,12.504,5.32,5.923,True,
112,1,baseline,21.946,12.09,4.055,5.801,True,
113,1,baseline,23.319,12.298,4.019,7.002,True,
114,1,baseline,21.261,11.929,3.73,5.602,True,
115,1,baseline,22.995,12.883,3.883,6.229,True,
116,1,baseline,21.962,11.873,3.972,6.117,True,
117,1,baseline,23.561,12.314,4.248,6.999,True,
118,1,baseline,33.619,23.288,4.753,5.578,True,
119,1,baseline,27.422,18.157,3.848,5.417,True,
120,1,baseline,22.006,12.045,4.632,5.329,True,
121,1,baseline,22.999,11.844,3.829,7.326,True,
122,1,baseline,38.909,29.529,3.864,5.516,True,
123,1,baseline,27.871,18.574,3.564,5.733,True,
124,1,baseline,21.932,11.983,4.007,5.942,True,
125,1,baseline,23.17,12.111,3.955,7.105,True,
126,1,baseline,22.09,12.203,4.2,5.687,True,
127,1,baseline,26.921,11.597,3.745,11.579,True,
128,1,baseline,158.187,13.109,74.626,70.452,True,
129,1,baseline,24.035,12.669,3.963,7.404,True,
130,1,baseline,31.782,13.689,12.413,5.679,True,
131,1,baseline,43.747,27.571,10.626,5.549,True,
132,1,baseline,19.267,11.651,3.906,3.71,True,
133,1,baseline,22.844,14.679,3.713,4.453,True,
134,1,baseline,21.742,12.039,3.603,6.101,True,
135,1,baseline,21.703,11.969,3.77,5.964,True,
136,1,baseline,20.905,11.485,3.525,5.895,True,
137,1,baseline,33.119,16.699,4.378,12.042,True,
138,1,baseline,21.452,12.019,3.622,5.812,True,
139,1,baseline,36.04,20.381,3.828,11.831,True,
140,1,baseline,21.855,12.45,3.739,5.667,True,
141,1,baseline,21.822,11.32,3.627,6.875,True,
142,1,baseline,20.715,11.892,3.652,5.171,True,
143,1,baseline,28.077,12.323,9.999,5.756,True,
144,1,baseline,22.64,13.632,3.653,5.355,True,
145,1,baseline,22.018,11.362,3.653,7.003,True,
146,1,baseline,24.055,12.749,5.814,5.493,True,
147,1,baseline,21.921,12.216,3.76,5.944,True,
148,1,baseline,22.169,12.436,3.88,5.852,True,
149,1,baseline,24.085,12.486,4.437,7.161,True,
150,1,baseline,21.786,12.324,3.853,5.609,True,
151,1,baseline,52.546,41.813,4.703,6.03,True,
152,1,baseline,21.489,11.706,3.747,6.036,True,
153,1,baseline,22.444,11.61,4.035,6.8,True,
154,1,baseline,22.12,12.6,4.206,5.315,True,
155,1,baseline,22.334,12.114,4.074,6.146,True,
156,1,baseline,22.388,12.399,4.094,5.895,True,
157,1,baseline,28.46,11.952,3.829,12.679,True,
158,1,baseline,22.14,12.404,3.947,5.789,True,
159,1,baseline,21.924,11.811,4.041,6.071,True,
160,1,baseline,22.71,11.973,4.305,6.432,True,
161,1,baseline,21.695,11.499,3.75,6.446,True,
162,1,baseline,21.692,12.267,3.913,5.512,True,
163,1,baseline,22.456,12.579,3.707,6.17,True,
164,1,baseline,21.47,12.059,3.656,5.755,True,
165,1,baseline,25.152,14.581,3.699,6.873,True,
166,1,baseline,23.999,13.497,4.268,6.234,True,
167,1,baseline,23.139,12.785,4.077,6.276,True,
168,1,baseline,27.462,14.679,5.881,6.902,True,
169,1,baseline,24.946,12.279,3.771,8.896,True,
170,1,baseline,26.429,16.75,4.036,5.643,True,
171,1,baseline,21.585,11.964,3.733,5.888,True,
172,1,baseline,26.642,16.52,4.292,5.83,True,
173,1,baseline,23.243,11.87,3.852,7.521,True,
174,1,baseline,22.258,12.843,3.827,5.588,True,
175,1,baseline,22.22,12.429,3.704,6.087,True,
176,1,baseline,22.894,12.852,4.027,6.015,True,
177,1,baseline,22.65,11.566,3.765,7.32,True,
178,1,baseline,21.189,11.507,3.663,6.019,True,
179,1,baseline,22.975,13.365,3.746,5.864,True,
180,1,baseline,74.672,49.071,19.669,5.932,True,
181,1,baseline,55.247,27.622,10.293,17.332,True,
182,1,baseline,21.062,11.556,3.654,5.851,True,
183,1,baseline,21.345,11.832,3.622,5.892,True,
184,1,baseline,45.005,23.534,9.805,11.666,True,
185,1,baseline,52.207,33.357,9.32,9.53,True,
186,1,baseline,39.905,17.799,10.112,11.993,True,
187,1,baseline,27.61,12.064,3.861,11.684,True,
188,1,baseline,26.647,11.563,3.534,11.551,True,
189,1,baseline,22.368,11.754,3.544,7.07,True,
190,1,baseline,20.845,11.508,3.664,5.673,True,
191,1,baseline,21.977,12.408,3.705,5.865,True,
192,1,baseline,28.484,16.192,4.671,7.62,True,
193,1,baseline,23.44,12.36,3.707,7.373,True,
194,1,baseline,21.423,11.82,3.656,5.947,True,
195,1,baseline,24.434,11.75,6.419,6.265,True,
196,1,baseline,34.012,17.596,3.669,12.747,True,
197,1,baseline,23.454,12.192,3.789,7.473,True,
198,1,baseline,21.169,11.596,3.659,5.914,True,
199,1,baseline,20.786,11.489,3.547,5.749,True,
200,1,baseline,20.971,11.516,3.624,5.831,True,
201,1,baseline,23.562,12.429,3.818,7.315,True,
202,1,baseline,21.433,11.608,3.58,6.246,True,
203,1,baseline,21.1,11.46,3.584,6.055,True,
204,1,baseline,20.871,11.544,3.507,5.82,True,
205,1,baseline,49.647,20.539,11.061,18.047,True,
206,1,baseline,20.847,11.546,3.661,5.64,True,
207,1,baseline,20.711,11.54,3.589,5.581,True,
208,1,baseline,20.65,11.366,3.681,5.603,True,
209,1,baseline,22.99,12.113,3.784,7.092,True,
210,1,baseline,20.898,11.416,3.657,5.825,True,
211,1,baseline,22.175,11.204,3.564,7.407,True,
212,1,baseline,20.334,11.424,3.504,5.406,True,
213,1,baseline,24.855,12.286,4.712,7.857,True,
214,1,baseline,20.591,11.576,3.622,5.392,True,
215,1,baseline,21.669,11.614,3.631,6.424,True,
216,1,baseline,20.795,11.565,3.576,5.654,True,
217,1,baseline,49.809,23.0,4.352,22.457,True,
218,1,baseline,21.845,12.151,3.934,5.76,True,
219,1,baseline,22.286,12.257,3.817,6.212,True,
220,1,baseline,21.914,12.05,3.66,6.204,True,
221,1,baseline,34.835,17.742,3.837,13.256,True,
222,1,baseline,21.258,11.59,3.714,5.954,True,
223,1,baseline,20.806,11.687,3.719,5.4,True,
224,1,baseline,21.195,11.62,3.656,5.919,True,
225,1,baseline,23.521,12.34,3.935,7.245,True,
226,1,baseline,21.523,11.926,3.691,5.906,True,
227,1,baseline,21.194,11.576,3.615,6.003,True,
228,1,baseline,39.423,23.561,10.137,5.725,True,
229,1,baseline,24.426,12.972,3.915,7.54,True,
230,1,baseline,22.703,12.149,4.041,6.514,True,
231,1,baseline,23.348,13.113,4.157,6.079,True,
232,1,baseline,26.796,15.778,4.87,6.148,True,
233,1,baseline,35.924,18.645,9.896,7.383,True,
234,1,baseline,46.757,18.549,10.081,18.127,True,
235,1,baseline,54.351,26.417,21.769,6.165,True,
236,1,baseline,31.23,14.182,4.478,12.57,True,
237,1,baseline,26.044,13.439,4.611,7.993,True,
238,1,baseline,44.606,34.351,4.071,6.184,True,
239,1,baseline,22.642,12.426,3.975,6.241,True,
240,1,baseline,25.52,14.591,4.661,6.269,True,
241,1,baseline,60.697,35.342,9.965,15.39,True,
242,1,baseline,40.517,26.929,7.479,6.109,True,
243,1,baseline,42.818,25.84,10.713,6.265,True,
244,1,baseline,22.508,12.462,3.921,6.125,True,
245,1,baseline,44.039,18.17,3.838,22.03,True,
246,1,baseline,22.171,12.191,3.823,6.157,True,
247,1,baseline,22.726,12.397,4.0,6.33,True,
248,1,baseline,22.1,12.014,3.816,6.269,True,
249,1,baseline,23.264,11.84,3.807,7.616,True,
250,1,baseline,25.368,13.206,6.161,6.001,True,
251,1,baseline,80.682,49.055,25.438,6.188,True,
252,1,baseline,41.592,19.347,10.164,12.081,True,
253,1,baseline,47.464,24.184,3.836,19.444,True,
254,1,baseline,54.697,24.597,10.052,20.047,True,
255,1,baseline,24.175,14.119,3.953,6.104,True,
256,1,baseline,48.887,21.125,4.478,23.284,True,
257,1,baseline,25.409,14.055,3.967,7.388,True,
258,1,baseline,22.347,12.181,3.853,6.313,True,
259,1,baseline,21.893,11.911,3.8,6.181,True,
260,1,baseline,22.261,12.035,3.915,6.312,True,
261,1,baseline,22.89,11.818,3.779,7.293,True,
262,1,baseline,22.254,12.233,3.819,6.203,True,
263,1,baseline,22.649,12.33,3.98,6.339,True,
264,1,baseline,22.833,12.594,3.786,6.452,True,
265,1,baseline,24.139,12.318,4.108,7.712,True,
266,1,baseline,21.974,11.87,3.768,6.336,True,
267,1,baseline,23.683,13.129,3.964,6.59,True,
268,1,baseline,23.094,12.878,3.86,6.357,True,
269,1,baseline,25.255,12.304,4.469,8.483,True,
270,1,baseline,50.295,25.218,11.73,13.347,True,
271,1,baseline,32.516,12.3,3.905,16.311,True,
272,1,baseline,35.32,18.982,9.913,6.425,True,
273,1,baseline,24.296,12.569,3.981,7.746,True,
274,1,baseline,22.004,11.96,3.819,6.225,True,
275,1,baseline,24.179,12.686,4.105,7.389,True,
276,1,baseline,22.606,11.952,4.266,6.388,True,
277,1,baseline,24.864,12.938,3.961,7.965,True,
278,1,baseline,22.187,12.327,4.04,5.821,True,
279,1,baseline,38.018,16.484,10.112,11.422,True,
280,1,baseline,22.17,12.089,3.885,6.196,True,
281,1,baseline,24.513,12.747,4.097,7.67,True,
282,1,baseline,22.798,12.277,4.066,6.455,True,
283,1,baseline,27.065,15.694,4.715,6.656,True,
284,1,baseline,23.007,12.792,3.934,6.281,True,
285,1,baseline,23.336,11.986,3.739,7.611,True,
286,1,baseline,28.01,11.922,3.833,12.256,True,
287,1,baseline,22.986,12.708,4.045,6.233,True,
288,1,baseline,37.652,15.701,15.992,5.959,True,
289,1,baseline,60.638,26.807,20.208,13.622,True,
290,1,baseline,22.184,12.169,3.978,6.037,True,
291,1,baseline,39.364,29.479,3.934,5.951,True,
292,1,baseline,21.798,11.808,3.764,6.226,True,
293,1,baseline,24.93,12.328,4.009,8.593,True,
294,1,baseline,52.036,31.311,4.653,16.072,True,
295,1,baseline,22.695,12.32,4.255,6.119,True,
296,1,baseline,22.69,12.369,3.92,6.402,True,
297,1,baseline,24.315,12.426,4.201,7.689,True,
298,1,baseline,38.966,20.348,4.194,14.424,True,
299,1,baseline,56.606,46.924,3.859,5.823,True,
300,1,baseline,21.836,11.741,3.775,6.32,True,
301,1,baseline,23.921,12.27,3.95,7.701,True,
302,1,baseline,28.275,12.189,3.886,12.2,True,
303,1,baseline,21.737,12.002,3.682,6.053,True,
304,1,baseline,21.26,11.59,3.637,6.033,True,
305,1,baseline,23.905,12.03,3.659,8.217,True,
306,1,baseline,51.296,29.157,14.187,7.952,True,
307,1,baseline,28.122,12.062,3.725,12.335,True,
308,1,baseline,23.103,12.995,3.717,6.391,True,
309,1,baseline,22.888,11.995,3.773,7.12,True,
310,1,baseline,21.912,11.96,3.954,5.998,True,
311,1,baseline,22.833,12.331,4.486,6.016,True,
312,1,baseline,24.663,14.173,4.233,6.257,True,
313,1,baseline,24.147,12.182,4.622,7.343,True,
314,1,baseline,21.594,12.136,3.887,5.571,True,
315,1,baseline,21.739,12.067,3.783,5.889,True,
316,1,baseline,21.234,11.618,3.59,6.027,True,
317,1,baseline,23.701,11.884,3.891,7.927,True,
318,1,baseline,22.584,12.305,3.936,6.344,True,
319,1,baseline,22.184,12.042,3.788,6.354,True,
320,1,baseline,21.849,11.932,3.667,6.25,True,
321,1,baseline,24.404,12.857,3.931,7.616,True,
322,1,baseline,24.49,13.595,4.182,6.714,True,
323,1,baseline,25.655,14.523,4.463,6.668,True,
324,1,baseline,29.394,14.088,4.456,10.85,True,
325,1,baseline,22.962,12.083,3.768,7.111,True,
326,1,baseline,39.471,29.174,4.199,6.098,True,
327,1,baseline,40.281,12.213,3.908,24.159,True,
328,1,baseline,21.377,11.864,3.636,5.877,True,
329,1,baseline,23.323,12.67,3.737,6.916,True,
330,1,baseline,43.317,27.545,9.894,5.877,True,
331,1,baseline,22.31,12.057,3.826,6.427,True,
332,1,baseline,21.864,11.892,3.78,6.191,True,
333,1,baseline,25.651,14.377,4.049,7.224,True,
334,1,baseline,22.762,12.523,3.868,6.371,True,
335,1,baseline,29.025,18.968,3.775,6.282,True,
336,1,baseline,22.157,12.098,3.693,6.366,True,
337,1,baseline,24.032,11.793,3.708,8.532,True,
338,1,baseline,37.438,25.555,4.35,7.534,True,
339,1,baseline,24.096,13.63,4.086,6.38,True,
340,1,baseline,23.995,13.196,4.13,6.67,True,
341,1,baseline,44.633,19.655,10.752,14.225,True,
342,1,baseline,22.315,12.489,3.865,5.961,True,
343,1,baseline,22.432,11.964,3.694,6.774,True,
344,1,baseline,21.685,11.886,3.573,6.226,True,
345,1,baseline,25.243,13.285,4.195,7.763,True,
346,1,baseline,22.244,12.449,3.831,5.964,True,
347,1,baseline,21.718,11.881,3.598,6.239,True,
348,1,baseline,21.663,11.842,3.616,6.206,True,
349,1,baseline,25.799,13.641,4.292,7.865,True,
350,1,baseline,28.027,16.863,4.639,6.526,True,
351,1,baseline,39.929,24.043,3.636,12.25,True,
352,1,baseline,31.933,16.052,3.628,12.253,True,
353,1,baseline,23.258,11.9,3.776,7.582,True,
354,1,baseline,68.522,46.233,10.096,12.193,True,
355,1,baseline,52.158,23.659,9.853,18.645,True,
356,1,baseline,46.795,24.296,9.99,12.509,True,
357,1,baseline,36.781,23.172,4.732,8.876,True,
358,1,baseline,31.139,12.954,3.988,14.197,True,
359,1,baseline,22.245,12.087,3.774,6.383,True,
360,1,baseline,24.201,11.925,5.792,6.484,True,
361,1,baseline,38.758,22.314,10.115,6.329,True,
362,1,baseline,33.675,23.605,3.983,6.087,True,
363,1,baseline,21.938,11.913,3.695,6.33,True,
364,1,baseline,22.56,12.329,3.712,6.52,True,
365,1,baseline,23.029,11.798,3.572,7.659,True,
366,1,baseline,49.199,24.905,10.093,14.201,True,
367,1,baseline,40.356,24.339,3.77,12.248,True,
368,1,baseline,58.429,21.733,24.305,12.39,True,
369,1,baseline,23.738,11.857,4.379,7.502,True,
370,1,baseline,24.238,13.955,3.955,6.328,True,
371,1,baseline,22.324,12.285,3.625,6.413,True,
372,1,baseline,21.861,11.946,3.594,6.322,True,
373,1,baseline,40.759,29.324,3.94,7.496,True,
374,1,baseline,22.296,12.189,4.166,5.941,True,
375,1,baseline,22.504,12.543,3.707,6.253,True,
376,1,baseline,22.376,12.41,3.599,6.367,True,
377,1,baseline,27.33,14.5,4.214,8.616,True,
378,1,baseline,22.701,12.478,4.093,6.13,True,
379,1,baseline,41.283,12.293,3.627,25.362,True,
380,1,baseline,21.237,11.647,3.456,6.134,True,
381,1,baseline,41.079,23.615,3.543,13.92,True,
382,1,baseline,21.245,11.639,3.488,6.119,True,
383,1,baseline,21.821,12.219,3.703,5.899,True,
384,1,baseline,48.904,25.291,10.375,13.238,True,
385,1,baseline,47.641,24.188,3.666,19.787,True,
386,1,baseline,46.586,18.516,15.757,12.313,True,
387,1,baseline,32.876,16.872,3.706,12.298,True,
388,1,baseline,22.218,12.245,3.753,6.22,True,
389,1,baseline,34.262,18.222,3.691,12.348,True,
390,1,baseline,21.758,11.854,3.589,6.315,True,
391,1,baseline,33.738,23.824,3.662,6.251,True,
392,1,baseline,24.933,12.984,4.228,7.721,True,
393,1,baseline,22.941,11.809,3.614,7.519,True,
394,1,baseline,21.381,11.701,3.576,6.104,True,
395,1,baseline,22.455,11.687,4.761,6.006,True,
396,1,baseline,26.188,15.881,4.113,6.194,True,
397,1,baseline,23.543,12.08,3.695,7.767,True,
398,1,baseline,32.224,12.09,3.689,16.445,True,
399,1,baseline,49.598,31.86,4.705,13.033,True,
400,1,baseline,31.891,17.745,3.851,10.296,True,
401,1,baseline,25.342,13.969,3.842,7.532,True,
402,1,baseline,21.62,11.811,3.602,6.207,True,
403,1,baseline,22.304,11.707,4.766,5.831,True,
404,1,baseline,44.743,13.044,4.154,27.545,True,
405,1,baseline,25.03,13.124,3.974,7.932,True,
406,1,baseline,22.556,11.937,3.96,6.659,True,
407,1,baseline,22.823,12.897,3.899,6.027,True,
408,1,baseline,22.394,12.576,3.704,6.115,True,
409,1,baseline,23.254,11.623,4.025,7.606,True,
410,1,baseline,18.007,10.902,3.609,3.496,True,
411,1,baseline,17.929,10.419,3.605,3.905,True,
412,1,baseline,18.084,10.712,3.677,3.695,True,
413,1,baseline,19.424,10.65,4.068,4.706,True,
414,1,baseline,23.942,13.936,3.857,6.149,True,
415,1,baseline,22.928,12.389,4.517,6.022,True,
416,1,baseline,21.713,12.144,3.858,5.711,True,
417,1,baseline,23.927,12.326,3.955,7.646,True,
418,1,baseline,44.359,16.161,10.119,18.079,True,
419,1,baseline,21.513,11.544,4.315,5.654,True,
420,1,baseline,28.663,16.699,4.023,7.942,True,
421,1,baseline,24.517,12.292,3.895,8.33,True,
422,1,baseline,21.333,11.751,3.724,5.858,True,
423,1,baseline,21.373,11.684,3.728,5.961,True,
424,1,baseline,22.013,11.796,3.934,6.283,True,
425,1,baseline,23.08,11.861,3.826,7.393,True,
426,1,baseline,22.397,11.929,3.895,6.573,True,
427,1,baseline,25.453,15.006,4.416,6.031,True,
428,1,baseline,22.007,12.327,3.852,5.828,True,
429,1,baseline,41.717,17.993,16.291,7.433,True,
430,1,baseline,49.433,20.95,16.105,12.379,True,
431,1,baseline,29.755,18.788,4.974,5.994,True,
432,1,baseline,22.575,12.704,3.856,6.014,True,
433,1,baseline,23.209,11.956,3.618,7.634,True,
434,1,baseline,22.439,12.106,3.615,6.718,True,
435,1,baseline,22.133,12.429,3.633,6.071,True,
436,1,baseline,55.492,45.595,3.785,6.112,True,
437,1,baseline,38.511,21.172,3.685,13.654,True,
438,1,baseline,21.631,11.859,3.561,6.21,True,
439,1,baseline,22.66,12.886,3.673,6.101,True,
440,1,baseline,22.256,12.69,3.639,5.926,True,
441,1,baseline,23.156,11.689,3.511,7.955,True,
442,1,baseline,21.61,11.691,3.545,6.374,True,
443,1,baseline,24.421,14.506,3.952,5.962,True,
444,1,baseline,42.151,31.624,3.989,6.539,True,
445,1,baseline,23.364,11.904,3.735,7.724,True,
446,1,baseline,28.509,11.952,10.397,6.16,True,
447,1,baseline,39.691,18.704,3.852,17.135,True,
448,1,baseline,30.905,18.62,3.752,8.532,True,
449,1,baseline,24.112,12.687,3.653,7.773,True,
450,1,baseline,22.638,12.385,3.733,6.519,True,
451,1,baseline,77.421,67.11,3.826,6.484,True,
452,1,baseline,22.389,12.279,3.76,6.349,True,
453,1,baseline,58.394,22.802,9.637,25.955,True,
454,1,baseline,24.078,12.749,3.94,7.389,True,
455,1,baseline,22.454,12.257,3.786,6.411,True,
456,1,baseline,21.566,11.84,3.632,6.094,True,
457,1,baseline,22.558,11.566,3.562,7.43,True,
458,1,baseline,23.964,12.016,3.813,8.134,True,
459,1,baseline,21.84,11.534,4.216,6.09,True,
460,1,baseline,28.353,18.524,3.81,6.019,True,
461,1,baseline,24.149,11.898,4.023,8.228,True,
462,1,baseline,40.306,18.183,3.76,18.362,True,
463,1,baseline,32.684,12.377,3.837,16.469,True,
464,1,baseline,33.543,13.772,13.915,5.857,True,
465,1,baseline,23.051,11.887,3.652,7.512,True,
466,1,baseline,21.459,11.755,3.601,6.103,True,
467,1,baseline,21.174,11.619,3.56,5.995,True,
468,1,baseline,21.673,12.309,3.653,5.711,True,
469,1,baseline,22.577,11.587,3.548,7.442,True,
470,1,baseline,20.674,11.568,3.528,5.579,True,
471,1,baseline,22.316,12.311,3.963,6.042,True,
472,1,baseline,21.013,11.752,3.626,5.636,True,
473,1,baseline,24.638,13.335,3.782,7.521,True,
474,1,baseline,33.956,24.429,3.736,5.791,True,
475,1,baseline,21.687,11.955,3.778,5.953,True,
476,1,baseline,22.719,12.315,4.299,6.106,True,
477,1,baseline,34.097,11.718,14.367,8.013,True,
478,1,baseline,22.582,12.693,3.887,6.002,True,
479,1,baseline,48.988,39.154,3.757,6.077,True,
480,1,baseline,21.813,11.866,3.707,6.24,True,
481,1,baseline,23.761,12.351,3.68,7.73,True,
482,1,baseline,23.034,12.898,3.944,6.192,True,
483,1,baseline,22.043,11.996,3.734,6.313,True,
484,1,baseline,21.48,11.765,3.625,6.09,True,
485,1,baseline,23.228,11.805,3.651,7.772,True,
486,1,baseline,26.516,13.562,4.197,8.757,True,
487,1,baseline,24.447,13.653,4.195,6.598,True,
488,1,baseline,23.943,13.135,4.021,6.787,True,
489,1,baseline,24.546,12.951,4.041,7.554,True,
490,1,baseline,22.366,12.378,3.812,6.176,True,
491,1,baseline,22.574,12.335,3.96,6.279,True,
492,1,baseline,21.856,11.83,3.696,6.33,True,
493,1,baseline,22.657,11.662,3.64,7.355,True,
494,1,baseline,24.124,13.57,4.113,6.441,True,
495,1,baseline,23.686,12.905,4.325,6.455,True,
496,1,baseline,22.615,12.462,3.673,6.48,True,
497,1,baseline,23.08,11.916,3.659,7.504,True,
498,1,baseline,22.277,12.783,3.737,5.757,True,
499,1,baseline,43.593,31.852,4.994,6.747,True,
500,1,baseline,22.729,12.052,3.769,6.908,True,
501,1,baseline,36.343,22.797,5.751,7.795,True,
502,1,baseline,22.641,12.759,3.82,6.063,True,
503,1,baseline,22.491,12.137,3.788,6.566,True,
504,1,baseline,21.661,11.847,3.848,5.967,True,
505,1,baseline,23.966,12.131,3.768,8.067,True,
506,1,baseline,22.723,12.44,3.939,6.343,True,
507,1,baseline,25.321,14.898,4.192,6.231,True,
508,1,baseline,22.484,12.341,3.701,6.442,True,
509,1,baseline,31.916,11.937,3.73,16.25,True,
510,1,baseline,33.768,17.467,4.774,11.528,True,
511,1,baseline,29.081,16.253,5.255,7.574,True,
512,1,baseline,38.486,14.796,4.827,18.862,True,
513,1,baseline,28.941,14.001,4.339,10.6,True,
514,1,baseline,28.397,16.653,4.589,7.155,True,
515,1,baseline,24.904,13.253,4.791,6.86,True,
516,1,baseline,25.536,15.603,3.674,6.259,True,
517,1,baseline,49.776,24.248,3.967,21.561,True,
518,1,baseline,24.086,13.633,4.154,6.298,True,
519,1,baseline,23.718,12.941,4.103,6.674,True,
520,1,baseline,21.58,11.98,3.639,5.961,True,
521,1,baseline,26.795,12.098,3.838,10.859,True,
522,1,baseline,64.418,35.719,22.768,5.931,True,
523,1,baseline,31.479,15.248,3.721,12.51,True,
524,1,baseline,21.28,11.895,3.749,5.635,True,
525,1,baseline,23.504,12.231,3.796,7.477,True,
526,1,baseline,21.313,11.955,3.682,5.676,True,
527,1,baseline,22.032,12.137,3.762,6.134,True,
528,1,baseline,22.45,12.519,3.862,6.069,True,
529,1,baseline,23.252,12.057,3.743,7.452,True,
530,1,baseline,23.682,13.89,3.886,5.906,True,
531,1,baseline,21.95,11.848,3.686,6.416,True,
532,1,baseline,23.937,13.51,4.058,6.369,True,
533,1,baseline,25.444,13.418,3.849,8.176,True,
534,1,baseline,21.778,12.031,3.747,5.999,True,
535,1,baseline,22.481,12.067,3.89,6.524,True,
536,1,baseline,27.561,13.589,5.278,8.694,True,
537,1,baseline,28.269,14.537,5.634,8.098,True,
538,1,baseline,25.408,13.581,4.894,6.933,True,
539,1,baseline,25.026,14.104,4.358,6.565,True,
540,1,baseline,24.522,13.942,4.265,6.315,True,
541,1,baseline,28.146,13.962,3.772,10.412,True,
542,1,baseline,21.88,11.854,3.635,6.391,True,
543,1,baseline,21.561,11.888,3.657,6.016,True,
544,1,baseline,23.383,12.806,4.004,6.572,True,
545,1,baseline,23.679,12.098,3.871,7.709,True,
546,1,baseline,21.899,11.897,3.722,6.28,True,
547,1,baseline,48.597,18.962,23.352,6.284,True,
548,1,baseline,50.696,28.584,9.859,12.253,True,
549,1,baseline,49.126,31.702,9.551,7.872,True,
550,1,baseline,39.974,18.181,3.701,18.092,True,
551,1,baseline,21.347,11.799,3.704,5.843,True,
552,1,baseline,24.16,14.113,3.975,6.073,True,
553,1,baseline,23.116,11.613,3.576,7.927,True,
554,1,baseline,21.038,11.599,3.498,5.941,True,
555,1,baseline,23.33,13.109,3.979,6.243,True,
556,1,baseline,23.111,13.506,3.89,5.715,True,
557,1,baseline,23.352,11.8,3.622,7.93,True,
558,1,baseline,21.133,11.637,3.579,5.917,True,
559,1,baseline,21.774,11.948,3.783,6.043,True,
560,1,baseline,24.391,13.868,4.281,6.241,True,
561,1,baseline,35.742,12.223,3.653,19.865,True,
562,1,baseline,23.058,12.973,4.048,6.038,True,
563,1,baseline,33.361,17.685,3.895,11.782,True,
564,1,baseline,21.686,12.134,3.732,5.819,True,
565,1,baseline,22.519,11.605,3.579,7.335,True,
566,1,baseline,21.466,11.961,3.514,5.991,True,
567,1,baseline,23.543,11.954,5.013,6.577,True,
568,1,baseline,32.016,21.707,3.989,6.32,True,
569,1,baseline,74.086,51.329,3.833,18.924,True,
570,1,baseline,22.044,11.802,3.735,6.506,True,
571,1,baseline,27.947,11.846,3.655,12.445,True,
572,1,baseline,31.255,20.171,4.612,6.471,True,
573,1,baseline,28.969,13.793,4.312,10.864,True,
574,1,baseline,40.624,24.871,9.699,6.054,True,
575,1,baseline,21.389,11.893,3.642,5.854,True,
576,1,baseline,21.084,11.756,3.666,5.661,True,
577,1,baseline,32.374,21.232,3.631,7.511,True,
578,1,baseline,21.294,11.697,3.615,5.983,True,
579,1,baseline,29.557,13.35,9.915,6.292,True,
580,1,baseline,27.411,11.897,3.808,11.706,True,
581,1,baseline,36.717,18.287,4.659,13.771,True,
582,1,baseline,57.327,18.717,20.984,17.625,True,
583,1,baseline,21.819,12.315,3.744,5.759,True,
584,1,baseline,23.416,12.716,3.622,7.078,True,
585,1,baseline,36.642,17.482,3.981,15.18,True,
586,1,baseline,21.508,11.677,3.631,6.2,True,
587,1,baseline,26.288,15.273,4.432,6.583,True,
588,1,baseline,23.205,12.758,4.063,6.384,True,
589,1,baseline,26.411,14.548,4.285,7.577,True,
590,1,baseline,39.393,23.664,3.726,12.003,True,
591,1,baseline,35.607,17.887,11.812,5.908,True,
592,1,baseline,33.661,17.78,3.65,12.23,True,
593,1,baseline,37.373,22.855,6.883,7.635,True,
594,1,baseline,21.093,11.638,3.739,5.716,True,
595,1,baseline,20.732,11.576,3.599,5.558,True,
596,1,baseline,21.618,11.591,4.155,5.872,True,
597,1,baseline,23.615,12.5,3.755,7.36,True,
598,1,baseline,22.186,12.642,3.724,5.82,True,
599,1,baseline,21.52,11.982,3.694,5.845,True,
600,1,baseline,21.068,11.623,3.603,5.841,True,
601,1,baseline,25.378,11.584,6.1,7.694,True,
602,1,baseline,22.145,12.523,3.761,5.861,True,
603,1,baseline,21.89,12.275,3.773,5.842,True,
604,1,baseline,22.349,11.865,3.606,6.878,True,
605,1,baseline,24.567,11.832,4.802,7.932,True,
606,1,baseline,22.405,12.746,3.869,5.79,True,
607,1,baseline,32.71,22.122,4.627,5.961,True,
608,1,baseline,41.052,24.755,9.914,6.383,True,
609,1,baseline,40.077,18.773,3.727,17.577,True,
610,1,baseline,66.616,12.852,47.692,6.072,True,
611,1,baseline,21.784,12.042,3.666,6.077,True,
612,1,baseline,21.539,11.665,3.654,6.22,True,
613,1,baseline,22.501,11.56,3.56,7.381,True,
614,1,baseline,34.106,24.169,3.838,6.099,True,
615,1,baseline,51.866,29.745,9.804,12.317,True,
616,1,baseline,21.589,11.836,3.583,6.17,True,
617,1,baseline,42.779,23.41,3.549,15.82,True,
618,1,baseline,23.371,13.846,3.731,5.794,True,
619,1,baseline,43.753,27.163,9.967,6.623,True,
620,1,baseline,44.265,26.296,9.713,8.256,True,
621,1,baseline,26.586,15.383,3.55,7.652,True,
622,1,baseline,21.532,11.93,3.585,6.017,True,
623,1,baseline,44.933,24.206,4.312,16.415,True,
624,1,baseline,47.755,30.84,3.986,12.93,True,
625,1,baseline,23.075,11.791,3.447,7.837,True,
626,1,baseline,21.796,12.143,3.54,6.113,True,
627,1,baseline,21.204,11.869,3.622,5.713,True,
628,1,baseline,21.244,11.732,3.428,6.085,True,
629,1,baseline,23.452,11.846,4.018,7.588,True,
630,1,baseline,21.578,12.027,3.637,5.914,True,
631,1,baseline,39.939,18.271,15.409,6.259,True,
632,1,baseline,46.689,19.784,7.898,19.008,True,
633,1,baseline,61.676,17.512,15.974,28.19,True,
634,1,baseline,53.394,36.714,10.763,5.917,True,
635,1,baseline,23.923,13.713,4.148,6.062,True,
636,1,baseline,23.362,12.983,4.075,6.303,True,
637,1,baseline,30.314,12.79,3.855,13.669,True,
638,1,baseline,22.265,12.444,3.774,6.047,True,
639,1,baseline,24.348,14.783,3.748,5.817,True,
640,1,baseline,60.302,48.556,4.397,7.35,True,
641,1,baseline,41.841,24.22,3.76,13.861,True,
642,1,baseline,38.473,18.45,3.755,16.267,True,
643,1,baseline,47.35,24.797,3.803,18.75,True,
644,1,baseline,49.425,32.931,3.722,12.773,True,
645,1,baseline,40.088,22.325,8.842,8.922,True,
646,1,baseline,26.227,13.596,4.088,8.543,True,
647,1,baseline,38.397,12.146,3.702,22.55,True,
648,1,baseline,25.224,14.395,4.249,6.58,True,
649,1,baseline,27.609,16.008,3.928,7.673,True,
650,1,baseline,22.16,12.134,3.811,6.215,True,
651,1,baseline,22.731,12.598,3.841,6.291,True,
652,1,baseline,22.401,12.218,3.641,6.542,True,
653,1,baseline,24.025,12.358,4.006,7.661,True,
654,1,baseline,39.391,29.131,3.645,6.615,True,
655,1,baseline,22.702,12.758,3.695,6.248,True,
656,1,baseline,21.827,11.854,3.563,6.41,True,
657,1,baseline,22.399,11.889,3.563,6.947,True,
658,1,baseline,22.139,12.319,3.736,6.083,True,
659,1,baseline,41.905,24.628,3.941,13.336,True,
660,1,baseline,46.336,23.459,10.424,12.452,True,
661,1,baseline,23.168,11.983,3.546,7.64,True,
662,1,baseline,22.409,12.401,3.732,6.276,True,
663,1,baseline,25.09,13.012,3.768,8.309,True,
664,1,baseline,23.146,12.866,3.921,6.359,True,
665,1,baseline,47.402,18.043,9.7,19.659,True,
666,1,baseline,37.215,18.597,5.518,13.1,True,
667,1,baseline,21.404,12.023,3.59,5.791,True,
668,1,baseline,21.531,11.665,3.568,6.298,True,
669,1,baseline,22.455,11.564,3.451,7.44,True,
670,1,baseline,21.798,12.278,3.742,5.779,True,
671,1,baseline,28.525,14.398,7.848,6.279,True,
672,1,baseline,23.285,12.085,3.734,7.465,True,
673,1,baseline,41.214,29.25,4.39,7.573,True,
674,1,baseline,55.941,40.122,9.958,5.862,True,
675,1,baseline,37.414,21.663,9.799,5.952,True,
676,1,baseline,33.853,24.025,3.838,5.991,True,
677,1,baseline,48.348,25.089,9.676,13.583,True,
678,1,baseline,22.618,12.755,3.856,6.008,True,
679,1,baseline,21.475,11.808,3.652,6.015,True,
680,1,baseline,21.79,11.709,3.766,6.316,True,
681,1,baseline,23.165,12.061,3.864,7.24,True,
682,1,baseline,42.552,25.806,9.847,6.899,True,
683,1,baseline,33.725,17.93,3.733,12.061,True,
684,1,baseline,58.447,12.448,23.491,22.507,True,
685,1,baseline,24.15,12.592,4.02,7.539,True,
686,1,baseline,35.52,12.294,11.241,11.986,True,
687,1,baseline,23.048,13.061,3.838,6.149,True,
688,1,baseline,21.786,11.733,3.964,6.09,True,
689,1,baseline,34.015,23.924,3.804,6.287,True,
690,1,baseline,33.255,24.556,3.776,4.923,True,
691,1,baseline,45.411,30.114,3.916,11.381,True,
692,1,baseline,38.896,17.67,9.938,11.288,True,
693,1,baseline,39.141,17.659,10.495,10.986,True,
694,1,baseline,40.339,20.611,16.195,3.533,True,
695,1,baseline,30.066,21.765,3.656,4.645,True,
696,1,baseline,36.01,16.463,9.9,9.647,True,
697,1,baseline,41.468,21.903,3.566,15.999,True,
698,1,baseline,36.793,23.14,10.143,3.51,True,
699,1,baseline,17.348,10.265,3.582,3.501,True,
700,1,baseline,17.321,10.182,3.526,3.614,True,
701,1,baseline,20.179,12.448,3.541,4.19,True,
702,1,baseline,17.968,10.528,3.941,3.498,True,
703,1,baseline,17.3,10.261,3.538,3.501,True,
704,1,baseline,17.338,10.117,3.625,3.596,True,
705,1,baseline,19.468,11.763,3.697,4.008,True,
706,1,baseline,29.584,23.03,3.158,3.395,True,
707,1,baseline,25.631,18.031,4.135,3.464,True,
708,1,baseline,35.928,28.735,3.841,3.352,True,
709,1,baseline,18.588,10.427,3.692,4.47,True,
710,1,baseline,20.161,12.83,3.749,3.582,True,
711,1,baseline,17.487,10.225,3.672,3.59,True,
712,1,baseline,32.686,18.193,9.798,4.696,True,
713,1,baseline,25.922,11.038,4.103,10.782,True,
714,1,baseline,36.261,28.253,4.183,3.824,True,
715,1,baseline,18.257,10.475,4.266,3.516,True,
716,1,baseline,20.103,12.048,4.185,3.871,True,
717,1,baseline,28.048,19.403,4.15,4.495,True,
718,1,baseline,17.933,10.613,3.788,3.532,True,
719,1,baseline,17.807,10.418,3.701,3.687,True,
720,1,baseline,18.683,10.871,4.021,3.791,True,
721,1,baseline,34.662,25.363,4.512,4.787,True,
722,1,baseline,46.094,37.323,4.64,4.131,True,
723,1,baseline,21.067,11.71,5.095,4.262,True,
724,1,baseline,20.907,12.467,4.472,3.968,True,
725,1,baseline,17.185,9.634,3.718,3.833,True,
726,1,baseline,23.746,12.176,7.96,3.611,True,
727,1,baseline,25.983,16.675,3.894,5.414,True,
728,1,baseline,26.609,18.882,4.006,3.72,True,
729,1,baseline,19.813,11.589,3.729,4.495,True,
730,1,baseline,18.681,10.806,4.146,3.728,True,
731,1,baseline,19.715,12.157,3.903,3.656,True,
732,1,baseline,17.759,10.304,3.73,3.725,True,
733,1,baseline,18.839,10.412,3.948,4.479,True,
734,1,baseline,18.893,10.816,3.851,4.226,True,
735,1,baseline,18.453,10.881,3.83,3.742,True,
736,1,baseline,17.234,9.736,3.718,3.78,True,
737,1,baseline,18.746,10.614,3.718,4.413,True,
738,1,baseline,18.172,10.785,3.728,3.659,True,
739,1,baseline,18.755,10.954,3.782,4.019,True,
740,1,baseline,17.762,10.491,3.728,3.544,True,
741,1,baseline,22.255,10.79,3.826,7.638,True,
742,1,baseline,19.294,10.982,3.904,4.408,True,
743,1,baseline,18.549,10.507,3.804,4.238,True,
744,1,baseline,35.093,16.669,14.709,3.716,True,
745,1,baseline,20.06,11.427,3.785,4.848,True,
746,1,baseline,19.671,11.628,3.905,4.138,True,
747,1,baseline,35.118,21.708,3.735,9.676,True,
748,1,baseline,35.334,21.93,3.838,9.566,True,
749,1,baseline,20.285,11.499,3.953,4.832,True,
750,1,baseline,18.105,10.508,3.681,3.916,True,
751,1,baseline,18.081,10.4,3.657,4.024,True,
752,1,baseline,17.79,10.372,3.658,3.76,True,
753,1,baseline,18.971,11.044,3.794,4.133,True,
754,1,baseline,21.596,10.747,3.83,7.019,True,
755,1,baseline,19.783,11.423,4.279,4.081,True,
756,1,baseline,21.863,13.548,3.879,4.436,True,
757,1,baseline,32.746,18.545,10.177,4.024,True,
758,1,baseline,18.668,10.971,3.876,3.822,True,
759,1,baseline,20.968,11.614,3.715,5.639,True,
760,1,baseline,29.574,15.858,5.094,8.621,True,
761,1,baseline,23.283,11.869,4.522,6.893,True,
762,1,baseline,21.58,11.658,3.766,6.157,True,
763,1,baseline,22.343,12.124,3.922,6.298,True,
764,1,baseline,34.254,18.2,9.847,6.207,True,
765,1,baseline,38.215,19.903,4.045,14.267,True,
766,1,baseline,21.773,12.005,3.917,5.851,True,
767,1,baseline,24.389,14.799,4.16,5.43,True,
768,1,baseline,24.029,12.801,4.287,6.941,True,
769,1,baseline,28.829,14.478,4.574,9.777,True,
770,1,baseline,23.002,12.575,4.307,6.119,True,
771,1,baseline,22.354,12.609,4.082,5.663,True,
772,1,baseline,25.773,13.885,4.195,7.692,True,
773,1,baseline,26.787,16.376,4.139,6.272,True,
774,1,baseline,27.827,18.287,3.903,5.636,True,
775,1,baseline,23.239,11.081,6.654,5.504,True,
776,1,baseline,21.776,12.064,4.041,5.671,True,
777,1,baseline,27.488,15.0,4.952,7.536,True,
778,1,baseline,20.961,11.781,3.721,5.459,True,
779,1,baseline,22.628,13.219,3.973,5.437,True,
780,1,baseline,20.121,11.298,3.754,5.069,True,
781,1,baseline,23.203,12.628,4.127,6.448,True,
782,1,baseline,39.713,23.986,10.02,5.708,True,
783,1,baseline,23.488,12.901,4.379,6.209,True,
784,1,baseline,23.941,13.06,4.154,6.728,True,
785,1,baseline,23.808,13.745,4.565,5.498,True,
786,1,baseline,24.11,12.671,4.145,7.294,True,
787,1,baseline,29.988,18.849,4.467,6.672,True,
788,1,baseline,24.864,13.378,4.253,7.234,True,
789,1,baseline,22.605,12.923,4.264,5.418,True,
790,1,baseline,23.418,11.905,3.959,7.555,True,
791,1,baseline,25.237,12.559,4.032,8.646,True,
792,1,baseline,23.496,12.027,3.858,7.612,True,
793,1,baseline,25.831,12.424,4.289,9.118,True,
794,1,baseline,23.468,12.675,4.794,5.998,True,
795,1,baseline,21.609,11.786,3.943,5.88,True,
796,1,baseline,21.651,12.056,3.965,5.63,True,
797,1,baseline,39.454,28.826,3.898,6.73,True,
798,1,baseline,34.145,18.233,4.035,11.877,True,
799,1,baseline,21.151,11.589,3.9,5.663,True,
800,1,baseline,21.406,11.741,3.883,5.782,True,
801,1,baseline,44.068,18.499,10.178,15.392,True,
802,1,baseline,22.505,12.109,4.756,5.641,True,
803,1,baseline,24.745,14.883,4.133,5.729,True,
804,1,baseline,21.32,11.791,4.156,5.374,True,
805,1,baseline,53.086,12.375,19.871,20.84,True,
806,1,baseline,51.493,30.083,9.782,11.628,True,
807,1,baseline,22.949,12.897,4.052,5.999,True,
808,1,baseline,20.916,11.62,3.753,5.543,True,
809,1,baseline,55.395,38.894,4.216,12.285,True,
810,1,baseline,21.908,11.775,3.82,6.313,True,
811,1,baseline,21.627,11.628,4.051,5.948,True,
812,1,baseline,23.482,13.166,4.52,5.796,True,
813,1,baseline,25.192,13.872,4.459,6.862,True,
814,1,baseline,23.057,13.294,4.127,5.636,True,
815,1,baseline,23.1,13.153,4.157,5.789,True,
816,1,baseline,22.812,12.985,4.223,5.604,True,
817,1,baseline,23.879,12.058,4.899,6.923,True,
818,1,baseline,21.288,11.925,3.749,5.615,True,
819,1,baseline,21.163,11.649,3.86,5.654,True,
820,1,baseline,22.659,12.783,4.413,5.463,True,
821,1,baseline,57.964,26.655,24.567,6.742,True,
822,1,baseline,46.628,24.601,4.445,17.582,True,
823,1,baseline,22.18,12.917,3.802,5.461,True,
824,1,baseline,42.78,27.45,9.808,5.522,True,
825,1,baseline,22.982,12.145,4.003,6.833,True,
826,1,baseline,21.18,11.471,4.177,5.532,True,
827,1,baseline,21.317,11.781,4.109,5.426,True,
828,1,baseline,25.195,14.553,5.193,5.449,True,
829,1,baseline,25.359,14.335,4.174,6.851,True,
830,1,baseline,20.778,11.434,3.731,5.612,True,
831,1,baseline,21.507,11.748,3.805,5.954,True,
832,1,baseline,23.329,12.723,4.811,5.795,True,
833,1,baseline,53.793,31.732,15.066,6.995,True,
834,1,baseline,22.003,12.318,4.024,5.661,True,
835,1,baseline,21.097,11.623,3.83,5.645,True,
836,1,baseline,31.759,21.226,4.419,6.114,True,
837,1,baseline,52.811,29.8,10.122,12.89,True,
838,1,baseline,28.318,12.365,4.194,11.759,True,
839,1,baseline,27.507,17.937,3.952,5.618,True,
840,1,baseline,45.432,28.401,10.78,6.251,True,
841,1,baseline,23.486,12.608,3.915,6.963,True,
842,1,baseline,23.159,13.013,4.272,5.875,True,
843,1,baseline,22.504,12.626,4.158,5.72,True,
844,1,baseline,40.779,24.742,10.294,5.744,True,
845,1,baseline,22.518,11.649,3.869,7.001,True,
846,1,baseline,21.911,12.104,4.062,5.745,True,
847,1,baseline,27.253,11.674,3.877,11.701,True,
848,1,baseline,21.725,12.166,3.94,5.619,True,
849,1,baseline,39.305,18.248,14.117,6.939,True,
850,1,baseline,21.787,12.097,3.931,5.759,True,
851,1,baseline,21.207,11.641,4.162,5.404,True,
852,1,baseline,22.944,13.133,4.042,5.768,True,
853,1,baseline,22.675,11.819,3.851,7.005,True,
854,1,baseline,23.626,13.358,3.863,6.405,True,
855,1,baseline,23.496,13.007,4.498,5.991,True,
856,1,baseline,27.398,16.103,5.182,6.113,True,
857,1,baseline,27.842,15.492,4.856,7.494,True,
858,1,baseline,35.414,19.16,4.421,11.833,True,
859,1,baseline,27.947,12.978,3.838,11.131,True,
860,1,baseline,21.593,11.635,3.944,6.014,True,
861,1,baseline,22.848,11.661,4.147,7.04,True,
862,1,baseline,21.553,12.061,3.71,5.782,True,
863,1,baseline,22.9,12.837,4.347,5.716,True,
864,1,baseline,21.424,11.912,3.845,5.666,True,
865,1,baseline,22.299,11.629,3.836,6.835,True,
866,1,baseline,21.672,12.074,3.938,5.66,True,
867,1,baseline,21.867,11.808,3.878,6.181,True,
868,1,baseline,21.58,12.021,3.939,5.621,True,
869,1,baseline,40.023,23.639,4.23,12.154,True,
870,1,baseline,21.843,12.105,3.999,5.739,True,
871,1,baseline,38.026,27.004,4.867,6.155,True,
872,1,baseline,46.35,18.416,10.237,17.697,True,
873,1,baseline,36.929,24.244,5.734,6.951,True,
874,1,baseline,21.024,11.561,3.73,5.733,True,
875,1,baseline,21.273,11.733,3.773,5.768,True,
876,1,baseline,21.258,11.573,3.823,5.862,True,
877,1,baseline,41.098,17.909,3.863,19.327,True,
878,1,baseline,22.238,11.766,4.757,5.715,True,
879,1,baseline,22.233,12.296,4.159,5.778,True,
880,1,baseline,21.233,11.967,4.055,5.21,True,
881,1,baseline,42.21,24.632,4.284,13.293,True,
882,1,baseline,23.28,12.321,4.168,6.791,True,
883,1,baseline,21.179,11.637,3.757,5.785,True,
884,1,baseline,27.366,11.49,4.101,11.775,True,
885,1,baseline,23.27,11.965,4.414,6.891,True,
886,1,baseline,22.708,12.374,3.989,6.345,True,
887,1,baseline,21.301,11.761,3.815,5.725,True,
888,1,baseline,21.732,12.104,4.07,5.557,True,
889,1,baseline,22.648,12.069,3.859,6.72,True,
890,1,baseline,21.775,11.528,4.737,5.51,True,
891,1,baseline,23.673,13.611,4.299,5.764,True,
892,1,baseline,22.741,12.826,4.269,5.645,True,
893,1,baseline,22.681,11.984,4.018,6.678,True,
894,1,baseline,42.742,25.153,4.368,13.221,True,
895,1,baseline,27.939,12.251,3.861,11.828,True,
896,1,baseline,29.692,12.834,10.384,6.474,True,
897,1,baseline,24.516,12.271,4.017,8.227,True,
898,1,baseline,20.509,11.485,3.733,5.291,True,
899,1,baseline,55.652,34.756,8.924,11.972,True,
900,1,baseline,21.953,12.25,4.03,5.673,True,
901,1,baseline,37.158,23.723,3.877,9.557,True,
902,1,baseline,21.064,11.726,3.786,5.551,True,
903,1,baseline,43.263,33.852,3.916,5.496,True,
904,1,baseline,23.267,13.141,4.352,5.774,True,
905,1,baseline,29.303,12.336,4.193,12.774,True,
906,1,baseline,22.983,13.514,3.859,5.61,True,
907,1,baseline,20.282,11.485,3.956,4.842,True,
908,1,baseline,24.846,14.943,3.929,5.974,True,
909,1,baseline,23.435,12.383,4.24,6.811,True,
910,1,baseline,36.622,20.812,10.171,5.639,True,
911,1,baseline,22.091,12.688,4.052,5.351,True,
912,1,baseline,21.204,11.695,3.801,5.708,True,
913,1,baseline,43.711,26.465,3.971,13.275,True,
914,1,baseline,21.083,11.692,3.838,5.553,True,
915,1,baseline,22.323,12.147,4.697,5.479,True,
916,1,baseline,20.949,11.543,3.846,5.561,True,
917,1,baseline,24.486,12.776,3.942,7.768,True,
918,1,baseline,21.44,12.184,3.818,5.437,True,
919,1,baseline,22.54,12.681,4.047,5.811,True,
920,1,baseline,21.336,11.695,3.771,5.871,True,
921,1,baseline,18.872,10.623,3.693,4.556,True,
922,1,baseline,24.47,10.272,4.67,9.527,True,
923,1,baseline,28.491,21.032,3.781,3.678,True,
924,1,baseline,31.461,23.312,4.232,3.918,True,
925,1,baseline,18.601,10.496,3.711,4.394,True,
926,1,baseline,17.968,10.524,3.696,3.748,True,
927,1,baseline,19.571,11.819,4.169,3.583,True,
928,1,baseline,18.14,10.492,4.001,3.647,True,
929,1,baseline,19.272,10.823,4.068,4.381,True,
930,1,baseline,18.332,10.935,3.726,3.672,True,
931,1,baseline,19.664,11.169,3.806,4.689,True,
932,1,baseline,18.275,10.495,3.991,3.789,True,
933,1,baseline,18.376,10.439,3.646,4.291,True,
934,1,baseline,18.091,10.655,3.882,3.555,True,
935,1,baseline,19.136,11.82,3.815,3.501,True,
936,1,baseline,18.705,10.662,3.951,4.092,True,
937,1,baseline,29.517,21.333,3.873,4.311,True,
938,1,baseline,35.357,11.661,20.128,3.568,True,
939,1,baseline,41.49,22.234,15.457,3.799,True,
940,1,baseline,41.113,26.417,10.517,4.179,True,
941,1,baseline,25.094,10.707,9.913,4.475,True,
942,1,baseline,87.099,77.646,4.007,5.446,True,
943,1,baseline,22.475,12.341,4.214,5.919,True,
944,1,baseline,22.602,12.996,3.822,5.784,True,
945,1,baseline,23.859,12.604,4.038,7.217,True,
946,1,baseline,18.574,10.872,3.837,3.866,True,
947,1,baseline,19.259,11.549,3.853,3.857,True,
948,1,baseline,18.06,10.482,3.728,3.85,True,
949,1,baseline,18.553,10.462,3.686,4.406,True,
950,1,baseline,17.896,10.464,3.686,3.746,True,
951,1,baseline,30.918,23.246,3.825,3.846,True,
952,1,baseline,20.452,11.482,3.706,5.265,True,
953,1,baseline,39.936,29.414,3.713,6.809,True,
954,1,baseline,39.064,17.666,9.852,11.546,True,
955,1,baseline,35.953,26.767,3.925,5.262,True,
956,1,baseline,21.127,11.854,3.812,5.461,True,
957,1,baseline,22.969,12.146,3.735,7.089,True,
958,1,baseline,22.043,12.47,4.061,5.513,True,
959,1,baseline,21.989,12.451,4.036,5.501,True,
960,1,baseline,21.222,11.665,3.767,5.791,True,
961,1,baseline,21.989,11.429,3.728,6.831,True,
962,1,baseline,20.8,11.683,3.762,5.355,True,
963,1,baseline,25.232,12.058,3.871,9.303,True,
964,1,baseline,20.97,11.573,3.756,5.641,True,
965,1,baseline,23.591,12.073,3.874,7.644,True,
966,1,baseline,20.609,11.501,3.727,5.381,True,
967,1,baseline,21.35,11.938,3.915,5.498,True,
968,1,baseline,21.751,12.071,4.048,5.632,True,
969,1,baseline,22.043,11.425,3.707,6.911,True,
970,1,baseline,20.184,11.437,3.722,5.025,True,
971,1,baseline,23.424,12.938,4.437,6.049,True,
972,1,baseline,21.649,11.822,3.879,5.949,True,
973,1,baseline,22.073,11.386,3.733,6.954,True,
974,1,baseline,21.061,11.963,3.832,5.266,True,
975,1,baseline,23.516,14.282,3.989,5.245,True,
976,1,baseline,21.604,11.805,3.89,5.91,True,
977,1,baseline,23.166,11.995,4.148,7.024,True,
978,1,baseline,21.306,12.38,3.705,5.221,True,
979,1,baseline,22.178,12.43,4.139,5.609,True,
980,1,baseline,21.338,11.5,3.808,6.03,True,
981,1,baseline,27.636,15.058,3.797,8.781,True,
982,1,baseline,22.644,13.371,3.922,5.35,True,
983,1,baseline,22.068,12.575,3.925,5.568,True,
984,1,baseline,21.395,11.409,4.214,5.771,True,
985,1,baseline,22.275,11.841,3.824,6.609,True,
986,1,baseline,17.682,10.619,3.674,3.389,True,
987,1,baseline,24.733,17.487,3.771,3.475,True,
988,1,baseline,18.673,10.885,3.824,3.963,True,
989,1,baseline,18.706,10.549,3.793,4.363,True,
990,1,baseline,18.661,10.849,3.898,3.914,True,
991,1,baseline,17.742,10.373,3.684,3.685,True,
992,1,baseline,22.134,12.383,4.243,5.508,True,
993,1,baseline,24.409,11.724,3.883,8.801,True,
994,1,baseline,21.531,12.045,4.031,5.455,True,
995,1,baseline,21.42,12.065,3.899,5.457,True,
996,1,baseline,23.04,13.368,4.184,5.488,True,
997,1,baseline,43.714,18.148,4.394,21.172,True,
998,1,baseline,38.14,11.859,13.188,13.094,True,
999,1,baseline,32.822,23.12,4.086,5.617,True,
1000,1,baseline,21.676,12.348,3.883,5.446,True,
1001,1,baseline,22.764,11.971,3.881,6.912,True,
1002,1,baseline,32.22,22.605,3.892,5.724,True,
1003,1,baseline,20.69,11.483,3.808,5.399,True,
1004,1,baseline,21.413,11.87,3.94,5.602,True,
1005,1,baseline,36.99,24.663,4.097,8.229,True,
1006,1,baseline,21.488,12.05,3.878,5.559,True,
1007,1,baseline,21.954,12.211,4.017,5.726,True,
1008,1,baseline,21.484,12.114,3.81,5.561,True,
1009,1,baseline,22.666,11.812,3.876,6.977,True,
1010,1,baseline,21.065,11.492,3.79,5.783,True,
1011,1,baseline,35.513,19.409,10.586,5.518,True,
1012,1,baseline,32.008,16.28,10.129,5.6,True,
1013,1,baseline,29.248,12.267,3.998,12.983,True,
1014,1,baseline,21.26,11.632,3.844,5.784,True,
1015,1,baseline,23.019,12.847,4.271,5.901,True,
1016,1,baseline,28.076,12.271,3.96,11.845,True,
1017,1,baseline,53.72,29.545,11.005,13.17,True,
1018,1,baseline,33.925,24.524,3.904,5.497,True,
1019,1,baseline,21.269,11.866,3.952,5.451,True,
1020,1,baseline,21.043,11.629,3.853,5.561,True,
1021,1,baseline,46.971,23.815,10.152,13.004,True,
1022,1,baseline,20.87,11.524,3.832,5.515,True,
1023,1,baseline,47.012,25.782,3.985,17.245,True,
1024,1,baseline,29.349,15.63,5.472,8.247,True,
1025,1,baseline,24.151,13.858,4.585,5.708,True,
1026,1,baseline,23.084,11.884,3.875,7.325,True,
1027,1,baseline,27.622,12.231,7.934,7.457,True,
1028,1,baseline,43.963,20.442,10.04,13.48,True,
1029,1,baseline,22.243,12.186,4.336,5.721,True,
1030,1,baseline,37.098,17.539,12.112,7.447,True,
1031,1,baseline,28.916,11.902,3.763,13.251,True,
1032,1,baseline,29.281,12.309,3.933,13.039,True,
1033,1,baseline,27.173,17.837,3.787,5.549,True,
1034,1,baseline,25.367,13.494,4.409,7.464,True,
1035,1,baseline,26.291,14.123,4.654,7.514,True,
1036,1,baseline,43.87,26.462,4.039,13.369,True,
1037,1,baseline,45.075,29.101,9.824,6.149,True,
1038,1,baseline,23.367,12.224,3.906,7.236,True,
1039,1,baseline,24.049,12.208,4.538,7.303,True,
1040,1,baseline,23.313,12.121,3.873,7.319,True,
1041,1,baseline,23.42,13.254,4.096,6.07,True,
1042,1,baseline,35.482,18.427,3.99,13.065,True,
1043,1,baseline,47.416,30.272,9.837,7.307,True,
1044,1,baseline,29.441,12.477,9.721,7.243,True,
1045,1,baseline,21.933,12.373,3.884,5.677,True,
1046,1,baseline,23.059,12.112,3.832,7.114,True,
1047,1,baseline,50.536,26.001,10.838,13.697,True,
1048,1,baseline,23.403,12.189,3.931,7.283,True,
1049,1,baseline,20.949,11.754,3.813,5.382,True,
1050,1,baseline,23.753,12.333,3.988,7.432,True,
1051,1,baseline,22.91,11.821,3.842,7.247,True,
1052,1,baseline,23.349,12.207,3.936,7.205,True,
1053,1,baseline,21.403,12.173,3.874,5.357,True,
1054,1,baseline,25.274,14.175,3.8,7.299,True,
1055,1,baseline,23.642,12.166,3.901,7.575,True,
1056,1,baseline,44.425,34.163,4.183,6.079,True,
1057,1,baseline,21.424,12.094,3.8,5.53,True,
1058,1,baseline,37.918,20.44,3.946,13.532,True,
1059,1,baseline,44.293,21.235,3.859,19.2,True,
1060,1,baseline,46.822,23.416,10.274,13.132,True,
1061,1,baseline,21.363,12.249,3.788,5.326,True,
1062,1,baseline,23.232,11.762,4.226,7.244,True,
1063,1,baseline,23.261,12.225,3.778,7.258,True,
1064,1,baseline,32.272,12.278,4.104,15.889,True,
1065,1,baseline,20.752,11.718,3.881,5.153,True,
1066,1,baseline,30.302,12.88,9.934,7.487,True,
1067,1,baseline,42.514,31.286,3.917,7.31,True,
1068,1,baseline,21.916,12.046,3.927,5.944,True,
1069,1,baseline,38.746,27.844,4.0,6.902,True,
1070,1,baseline,21.743,11.928,4.063,5.752,True,
1071,1,baseline,38.236,15.983,16.478,5.775,True,
1072,1,baseline,38.022,27.751,4.643,5.628,True,
1073,1,baseline,30.558,12.198,3.952,14.408,True,
1074,1,baseline,24.325,12.728,4.056,7.541,True,
1075,1,baseline,41.583,24.193,4.032,13.358,True,
1076,1,baseline,44.663,23.926,7.776,12.961,True,
1077,1,baseline,21.207,11.807,3.819,5.58,True,
1078,1,baseline,29.461,12.265,3.908,13.287,True,
1079,1,baseline,22.814,11.823,3.774,7.217,True,
1080,1,baseline,23.052,12.008,3.853,7.191,True,
1081,1,baseline,21.064,11.729,3.816,5.52,True,
1082,1,baseline,23.139,12.06,3.939,7.139,True,
1083,1,baseline,22.675,11.726,3.808,7.141,True,
1084,1,baseline,22.962,11.991,3.896,7.076,True,
1085,1,baseline,20.904,11.739,3.787,5.378,True,
1086,1,baseline,64.234,36.615,3.978,23.641,True,
1087,1,baseline,24.277,13.078,3.795,7.404,True,
1088,1,baseline,22.726,11.736,3.797,7.192,True,
1089,1,baseline,28.761,12.138,4.751,11.872,True,
1090,1,baseline,23.065,11.796,3.801,7.468,True,
1091,1,baseline,23.543,12.307,3.932,7.304,True,
1092,1,baseline,22.753,11.69,3.787,7.277,True,
1093,1,baseline,39.55,23.481,9.991,6.078,True,
1094,1,baseline,43.773,12.036,6.542,25.194,True,
1095,1,baseline,34.722,18.761,10.143,5.818,True,
1096,1,baseline,49.308,26.073,9.989,13.246,True,
1097,1,baseline,37.252,11.835,13.912,11.505,True,
1098,1,baseline,40.134,17.386,9.872,12.877,True,
1099,1,baseline,23.522,11.696,3.777,8.049,True,
1100,1,baseline,23.523,12.082,4.493,6.947,True,
1101,1,baseline,40.405,25.582,9.522,5.3,True,
1102,1,baseline,26.985,14.675,4.824,7.485,True,
1103,1,baseline,22.621,11.726,3.752,7.143,True,
1104,1,baseline,23.32,12.245,3.932,7.143,True,
1105,1,baseline,21.174,11.804,3.757,5.613,True,
1106,1,baseline,43.381,25.078,10.013,8.289,True,
1107,1,baseline,23.109,12.006,3.825,7.279,True,
1108,1,baseline,23.013,11.773,3.813,7.427,True,
1109,1,baseline,21.107,11.777,3.792,5.538,True,
1110,1,baseline,23.356,12.121,3.927,7.309,True,
1111,1,baseline,35.441,11.835,16.515,7.091,True,
1112,1,baseline,23.122,12.117,3.877,7.129,True,
1113,1,baseline,20.574,11.628,3.711,5.236,True,
1114,1,baseline,23.145,12.075,3.883,7.188,True,
1115,1,baseline,34.725,11.764,3.715,19.247,True,
1116,1,baseline,23.015,11.975,3.812,7.228,True,
1117,1,baseline,20.61,11.681,3.72,5.208,True,
1118,1,baseline,36.854,13.583,3.9,19.372,True,
1119,1,baseline,22.996,11.91,3.833,7.253,True,
1120,1,baseline,23.343,12.141,3.914,7.288,True,
1121,1,baseline,41.296,25.762,3.856,11.677,True,
1122,1,baseline,23.395,12.231,3.917,7.248,True,
1123,1,baseline,76.65,24.799,23.216,28.634,True,
1124,1,baseline,35.322,18.138,9.934,7.251,True,
1125,1,baseline,33.273,17.841,3.725,11.707,True,
1126,1,baseline,63.405,19.26,24.604,19.541,True,
1127,1,baseline,28.256,11.973,3.826,12.457,True,
1128,1,baseline,23.339,12.167,3.923,7.249,True,
1129,1,baseline,21.709,11.956,3.862,5.891,True,
1130,1,baseline,51.015,23.802,3.962,23.251,True,
1131,1,baseline,23.865,12.548,3.965,7.352,True,
1132,1,baseline,22.697,11.799,3.728,7.171,True,
1133,1,baseline,25.119,12.699,3.884,8.536,True,
1134,1,baseline,22.894,11.835,3.772,7.288,True,
1135,1,baseline,23.618,12.218,3.978,7.422,True,
1136,1,baseline,25.252,12.423,3.929,8.9,True,
1137,1,baseline,21.082,11.769,3.777,5.535,True,
1138,1,baseline,23.301,12.196,3.824,7.281,True,
1139,1,baseline,26.487,14.654,4.23,7.603,True,
1140,1,baseline,22.724,11.891,3.72,7.113,True,
1141,1,baseline,21.498,12.09,3.898,5.51,True,
1142,1,baseline,42.508,18.486,9.868,14.154,True,
1143,1,baseline,38.001,18.499,3.895,15.606,True,
1144,1,baseline,23.304,12.087,3.806,7.411,True,
1145,1,baseline,64.111,54.711,3.785,5.615,True,
1146,1,baseline,23.411,12.131,3.867,7.413,True,
1147,1,baseline,22.981,11.838,3.77,7.373,True,
1148,1,baseline,23.64,12.228,4.015,7.398,True,
1149,1,baseline,21.88,12.233,4.058,5.589,True,
1150,1,baseline,22.644,12.142,3.755,6.747,True,
1151,1,baseline,23.403,12.118,3.879,7.407,True,
1152,1,baseline,26.651,13.618,4.704,8.329,True,
1153,1,baseline,21.504,11.98,3.806,5.718,True,
1154,1,baseline,46.403,30.153,4.057,12.193,True,
1155,1,baseline,23.102,11.996,3.796,7.31,True,
1156,1,baseline,23.324,12.04,3.851,7.434,True,
1157,1,baseline,21.637,12.215,3.884,5.538,True,
1158,1,baseline,44.714,17.673,13.477,13.563,True,
1159,1,baseline,23.537,12.24,3.919,7.377,True,
1160,1,baseline,22.872,11.802,3.807,7.263,True,
1161,1,baseline,22.237,12.383,4.925,4.929,True,
1162,1,baseline,23.102,12.309,3.956,6.837,True,
1163,1,baseline,23.324,12.093,3.888,7.344,True,
1164,1,baseline,28.551,12.32,4.069,12.161,True,
1165,1,baseline,21.495,11.954,3.847,5.695,True,
1166,1,baseline,23.642,12.339,4.002,7.3,True,
1167,1,baseline,28.963,11.896,3.811,13.256,True,
1168,1,baseline,23.742,12.184,3.904,7.654,True,
1169,1,baseline,21.914,12.282,3.973,5.659,True,
1170,1,baseline,23.326,11.921,3.876,7.528,True,
1171,1,baseline,32.871,19.62,4.064,9.187,True,
1172,1,baseline,23.273,12.261,3.889,7.123,True,
1173,1,baseline,21.114,11.831,3.789,5.495,True,
1174,1,baseline,23.035,12.117,3.924,6.994,True,
1175,1,baseline,35.913,15.127,9.419,11.368,True,
1176,1,baseline,44.622,21.045,11.073,12.503,True,
1177,1,baseline,47.658,25.102,4.491,18.064,True,
1178,1,baseline,23.899,12.318,4.058,7.522,True,
1179,1,baseline,27.999,12.093,3.936,11.97,True,
1180,1,baseline,23.017,11.921,3.847,7.249,True,
1181,1,baseline,22.025,12.353,3.981,5.692,True,
1182,1,baseline,23.664,12.116,3.895,7.653,True,
1183,1,baseline,24.885,14.993,3.915,5.977,True,
1184,1,baseline,48.943,24.349,11.192,13.402,True,
1185,1,baseline,29.979,12.558,8.964,8.457,True,
1186,1,baseline,47.896,18.151,16.25,13.494,True,
1187,1,baseline,24.7,13.099,4.143,7.457,True,
1188,1,baseline,23.913,12.373,4.154,7.387,True,
1189,1,baseline,29.236,19.546,3.988,5.701,True,
1190,1,baseline,48.913,25.139,4.329,19.445,True,
1191,1,baseline,23.905,12.635,4.051,7.219,True,
1192,1,baseline,21.729,12.027,3.817,5.885,True,
1193,1,baseline,22.918,12.373,4.81,5.735,True,
1194,1,baseline,24.122,12.8,3.928,7.395,True,
1195,1,baseline,24.363,13.408,4.269,6.686,True,
1196,1,baseline,22.619,12.541,4.002,6.077,True,
1197,1,baseline,22.658,12.787,4.13,5.741,True,
1198,1,baseline,26.77,12.824,4.168,9.778,True,
1199,1,baseline,36.318,18.316,3.895,14.107,True,
1200,1,baseline,22.53,12.622,3.912,5.996,True,
1201,1,baseline,21.955,12.351,3.894,5.71,True,
1202,1,baseline,24.049,12.371,4.021,7.657,True,
1203,1,baseline,23.769,12.448,3.914,7.407,True,
1204,1,baseline,22.299,12.351,3.976,5.973,True,
1205,1,baseline,27.62,18.172,3.803,5.645,True,
1206,1,baseline,48.134,30.658,10.099,7.377,True,
1207,1,baseline,24.297,12.741,4.048,7.509,True,
1208,1,baseline,21.557,11.912,3.785,5.86,True,
1209,1,baseline,22.243,12.665,3.862,5.715,True,
1210,1,baseline,25.568,13.876,4.256,7.435,True,
1211,1,baseline,23.006,11.876,3.799,7.332,True,
1212,1,baseline,23.096,11.926,3.788,7.382,True,
1213,1,baseline,21.853,12.372,3.81,5.672,True,
1214,1,baseline,23.285,11.956,3.811,7.518,True,
1215,1,baseline,34.847,18.879,9.843,6.125,True,
1216,1,baseline,59.05,35.187,10.264,13.599,True,
1217,1,baseline,32.645,23.113,3.8,5.732,True,
1218,1,baseline,40.689,29.424,3.872,7.393,True,
1219,1,baseline,47.554,19.898,8.4,19.256,True,
1220,1,baseline,38.966,21.606,3.935,13.426,True,
1221,1,baseline,21.524,12.163,3.916,5.445,True,
1222,1,baseline,22.649,11.704,3.774,7.171,True,
1223,1,baseline,44.954,33.923,3.819,7.212,True,
1224,1,baseline,23.243,12.17,3.906,7.168,True,
1225,1,baseline,20.752,11.709,3.746,5.297,True,
1226,1,baseline,44.907,18.179,7.211,19.517,True,
1227,1,baseline,22.971,11.837,3.855,7.279,True,
1228,1,baseline,42.301,25.18,9.937,7.184,True,
1229,1,baseline,20.937,11.731,3.784,5.422,True,
1230,1,baseline,27.133,12.293,5.258,9.582,True,
1231,1,baseline,33.744,24.081,3.917,5.746,True,
1232,1,baseline,53.825,43.989,4.044,5.791,True,
1233,1,baseline,22.909,11.962,3.89,7.058,True,
1234,1,baseline,23.402,13.431,4.138,5.833,True,
1235,1,baseline,43.385,25.632,10.538,7.215,True,
1236,1,baseline,47.754,30.494,9.91,7.35,True,
1237,1,baseline,34.305,12.58,4.112,17.614,True,
1238,1,baseline,29.349,12.11,3.9,13.34,True,
1239,1,baseline,22.758,11.878,3.753,7.126,True,
1240,1,baseline,23.083,11.943,3.845,7.295,True,
1241,1,baseline,21.278,11.85,3.826,5.602,True,
1242,1,baseline,23.257,11.787,3.811,7.66,True,
1243,1,baseline,25.021,14.107,4.813,6.101,True,
1244,1,baseline,33.626,23.731,3.952,5.943,True,
1245,1,baseline,22.803,11.872,3.914,7.017,True,
1246,1,baseline,36.01,26.273,4.163,5.574,True,
1247,1,baseline,39.081,23.463,3.929,11.689,True,
1248,1,baseline,25.181,13.355,4.359,7.466,True,
1249,1,baseline,30.981,11.95,5.246,13.784,True,
1250,1,baseline,28.443,15.44,5.523,7.48,True,
1251,1,baseline,28.242,15.356,5.026,7.86,True,
1252,1,baseline,30.631,17.041,5.531,8.058,True,
1253,1,baseline,27.465,15.999,5.208,6.257,True,
1254,1,baseline,23.35,12.009,3.884,7.457,True,
1255,1,baseline,23.159,11.965,3.874,7.32,True,
1256,1,baseline,23.595,12.274,3.986,7.335,True,
1257,1,baseline,20.971,11.754,3.838,5.379,True,
1258,1,baseline,50.978,20.384,16.958,13.636,True,
1259,1,baseline,49.809,25.854,4.275,19.68,True,
1260,1,baseline,40.913,23.073,3.87,13.971,True,
1261,1,baseline,22.66,13.373,3.968,5.318,True,
1262,1,baseline,22.837,11.977,3.823,7.037,True,
1263,1,baseline,33.845,16.972,4.161,12.712,True,
1264,1,baseline,26.705,14.432,4.525,7.748,True,
1265,1,baseline,26.63,15.614,5.144,5.871,True,
1266,1,baseline,28.874,15.612,5.309,7.953,True,
1267,1,baseline,43.512,11.79,9.883,21.838,True,
1268,1,baseline,23.215,12.046,3.979,7.19,True,
1269,1,baseline,21.077,11.769,3.808,5.5,True,
1270,1,baseline,25.098,13.291,4.443,7.364,True,
1271,1,baseline,23.496,12.897,4.105,6.493,True,
1272,1,baseline,40.56,23.1,4.015,13.445,True,
1273,1,baseline,23.954,14.353,4.04,5.561,True,
1274,1,baseline,23.421,12.248,3.89,7.283,True,
1275,1,baseline,23.408,12.163,3.939,7.306,True,
1276,1,baseline,23.949,11.928,4.626,7.395,True,
1277,1,baseline,21.684,12.158,3.879,5.648,True,
1278,1,baseline,26.097,12.244,4.0,9.854,True,
1279,1,baseline,52.436,23.147,3.839,25.45,True,
1280,1,baseline,36.338,17.629,4.654,14.054,True,
1281,1,baseline,21.246,11.878,3.816,5.551,True,
1282,1,baseline,52.053,28.651,16.111,7.291,True,
1283,1,baseline,29.558,19.431,3.842,6.284,True,
1284,1,baseline,35.324,18.103,3.956,13.265,True,
1285,1,baseline,21.75,11.975,3.88,5.895,True,
1286,1,baseline,59.241,36.113,3.806,19.322,True,
1287,1,baseline,41.951,30.397,4.135,7.419,True,
1288,1,baseline,22.993,11.806,3.818,7.369,True,
1289,1,baseline,21.429,12.016,3.918,5.495,True,
1290,1,baseline,24.318,13.157,3.939,7.222,True,
1291,1,baseline,22.965,11.955,3.787,7.224,True,
1292,1,baseline,23.567,12.176,3.974,7.416,True,
1293,1,baseline,21.129,11.757,3.882,5.49,True,
1294,1,baseline,31.782,20.463,3.964,7.354,True,
1295,1,baseline,28.964,17.934,3.822,7.208,True,
1296,1,baseline,23.203,12.026,3.95,7.227,True,
1297,1,baseline,26.006,16.816,3.831,5.359,True,
1298,1,baseline,52.366,19.714,14.379,18.273,True,
1299,1,baseline,23.011,11.907,3.81,7.295,True,
1300,1,baseline,23.424,12.21,3.996,7.218,True,
1301,1,baseline,21.96,12.417,3.95,5.593,True,
1302,1,baseline,35.318,24.006,3.842,7.471,True,
1303,1,baseline,39.43,23.408,4.066,11.956,True,
1304,1,baseline,23.583,13.357,4.251,5.975,True,
1305,1,baseline,27.434,11.515,3.765,12.155,True,
1306,1,baseline,24.979,13.296,4.267,7.416,True,
1307,1,baseline,29.177,12.044,3.92,13.214,True,
1308,1,baseline,23.232,12.294,4.007,6.93,True,
1309,1,baseline,22.888,13.677,3.81,5.401,True,
1310,1,baseline,42.466,31.433,3.88,7.153,True,
1311,1,baseline,22.752,11.761,3.741,7.249,True,
1312,1,baseline,22.965,12.038,3.867,7.06,True,
1313,1,baseline,20.856,11.777,3.747,5.332,True,
1314,1,baseline,23.054,12.071,3.916,7.067,True,
1315,1,baseline,22.773,11.781,3.776,7.216,True,
1316,1,baseline,22.707,11.789,3.752,7.167,True,
1317,1,baseline,23.202,13.88,3.862,5.459,True,
1318,1,baseline,47.346,36.297,3.844,7.205,True,
1319,1,baseline,23.05,11.986,3.827,7.237,True,
1320,1,baseline,22.454,13.015,4.502,4.937,True,
1321,1,baseline,18.403,10.891,3.776,3.736,True,
1322,1,baseline,22.817,11.437,4.048,7.332,True,
1323,1,baseline,21.612,12.642,4.287,4.682,True,
1324,1,baseline,38.466,24.059,10.114,4.292,True,
1325,1,baseline,52.361,17.59,23.865,10.906,True,
1326,1,baseline,20.138,12.314,3.995,3.829,True,
1327,1,baseline,21.531,14.073,3.738,3.719,True,
1328,1,baseline,31.289,17.254,3.924,10.112,True,
1329,1,baseline,18.749,10.594,3.673,4.482,True,
1330,1,baseline,53.325,32.441,17.248,3.636,True,
1331,1,baseline,21.063,11.857,3.868,5.338,True,
1332,1,baseline,19.753,11.075,3.857,4.821,True,
1333,1,baseline,18.701,11.118,3.908,3.675,True,
1334,1,baseline,33.441,13.791,10.171,9.478,True,
1335,1,baseline,19.262,10.808,3.758,4.695,True,
1336,1,baseline,32.075,17.236,10.027,4.812,True,
1337,1,baseline,42.017,22.673,15.766,3.578,True,
1338,1,baseline,19.641,11.041,3.901,4.699,True,
1339,1,baseline,19.332,10.881,3.779,4.671,True,
1340,1,baseline,19.951,11.23,3.905,4.816,True,
1341,1,baseline,18.21,10.867,3.781,3.562,True,
1342,1,baseline,25.296,16.038,4.193,5.065,True,
1343,1,baseline,19.551,11.192,3.748,4.612,True,
1344,1,baseline,33.22,18.572,10.549,4.098,True,
1345,1,baseline,20.66,12.153,3.979,4.527,True,
1346,1,baseline,44.423,33.734,3.7,6.988,True,
1347,1,baseline,23.893,12.393,5.095,6.406,True,
1348,1,baseline,35.175,13.174,3.58,18.421,True,
1349,1,baseline,23.118,11.79,3.521,7.807,True,
1350,1,baseline,115.436,99.403,9.701,6.331,True,
1351,1,baseline,22.343,11.974,3.898,6.471,True,
1352,1,baseline,28.85,13.511,4.198,11.141,True,
1353,1,baseline,24.308,12.481,3.711,8.115,True,
1354,1,baseline,24.862,12.799,3.726,8.337,True,
1355,1,baseline,56.446,22.185,3.926,30.335,True,
1356,1,baseline,49.283,31.412,3.813,14.058,True,
1357,1,baseline,22.01,12.3,3.659,6.051,True,
1358,1,baseline,41.487,29.269,3.915,8.303,True,
1359,1,baseline,25.44,12.275,3.657,9.508,True,
1360,1,baseline,44.012,33.797,4.065,6.15,True,
1361,1,baseline,36.088,26.487,3.662,5.94,True,
1362,1,baseline,49.233,24.166,9.82,15.247,True,
1363,1,baseline,24.1,12.174,3.768,8.158,True,
1364,1,baseline,44.075,26.085,4.059,13.932,True,
1365,1,baseline,32.931,17.166,3.727,12.038,True,
1366,1,baseline,47.831,18.807,9.909,19.115,True,
1367,1,baseline,24.11,12.341,3.676,8.092,True,
1368,1,baseline,24.743,12.719,3.961,8.063,True,
1369,1,baseline,21.682,12.149,3.743,5.79,True,
1370,1,baseline,23.398,12.057,3.654,7.687,True,
1371,1,baseline,30.008,18.826,3.742,7.441,True,
1372,1,baseline,31.812,20.847,3.901,7.065,True,
1373,1,baseline,39.527,24.101,9.84,5.585,True,
1374,1,baseline,44.448,12.548,14.01,17.891,True,
1375,1,baseline,23.843,12.124,3.849,7.869,True,
1376,1,baseline,28.957,14.619,4.504,9.834,True,
1377,1,baseline,22.927,12.89,4.172,5.865,True,
1378,1,baseline,25.873,13.102,4.8,7.971,True,
1379,1,baseline,25.664,13.327,4.388,7.949,True,
1380,1,baseline,27.715,15.79,3.953,7.972,True,
1381,1,baseline,28.037,12.865,9.636,5.536,True,
1382,1,baseline,24.047,12.566,3.907,7.574,True,
1383,1,baseline,23.927,12.223,3.78,7.925,True,
1384,1,baseline,25.303,13.26,3.953,8.09,True,
1385,1,baseline,22.055,12.515,3.809,5.732,True,
1386,1,baseline,28.822,18.26,4.207,6.355,True,
1387,1,baseline,24.136,12.474,3.836,7.826,True,
1388,1,baseline,24.156,12.498,3.84,7.818,True,
1389,1,baseline,24.209,13.703,4.205,6.301,True,
1390,1,baseline,68.206,26.423,27.948,13.834,True,
1391,1,baseline,24.02,12.322,3.852,7.845,True,
1392,1,baseline,41.55,24.004,9.848,7.697,True,
1393,1,baseline,69.512,49.902,13.796,5.814,True,
1394,1,baseline,41.402,23.23,3.832,14.34,True,
1395,1,baseline,21.79,12.133,3.79,5.867,True,
1396,1,baseline,27.25,13.935,4.836,8.48,True,
1397,1,baseline,24.807,13.393,4.774,6.64,True,
1398,1,baseline,43.836,18.243,17.742,7.851,True,
1399,1,baseline,22.139,12.47,3.926,5.743,True,
1400,1,baseline,46.999,24.058,3.766,19.175,True,
1401,1,baseline,49.716,28.463,4.464,16.789,True,
1402,1,baseline,35.613,23.663,4.073,7.876,True,
1403,1,baseline,42.559,22.87,3.722,15.967,True,
1404,1,baseline,29.803,12.149,3.818,13.836,True,
1405,1,baseline,21.834,12.436,3.828,5.57,True,
1406,1,baseline,25.856,14.304,3.791,7.761,True,
1407,1,baseline,38.202,18.155,3.751,16.296,True,
1408,1,baseline,109.989,94.462,6.934,8.594,True,
1409,1,baseline,63.506,46.559,4.419,12.528,True,
1410,1,baseline,23.852,12.161,3.872,7.82,True,
1411,1,baseline,23.737,12.029,3.866,7.842,True,
1412,1,baseline,23.399,12.009,3.518,7.873,True,
1413,1,baseline,22.231,12.516,3.898,5.816,True,
1414,1,baseline,51.092,33.205,8.256,9.631,True,
1415,1,baseline,54.267,24.5,9.866,19.901,True,
1416,1,baseline,23.888,12.17,3.83,7.888,True,
1417,1,baseline,21.784,12.098,3.744,5.942,True,
1418,1,baseline,37.345,18.601,3.942,14.802,True,
1419,1,baseline,23.577,12.05,3.766,7.761,True,
1420,1,baseline,23.482,11.926,3.793,7.763,True,
1421,1,baseline,22.275,12.441,3.96,5.875,True,
1422,1,baseline,23.327,11.895,3.791,7.642,True,
1423,1,baseline,31.69,14.724,4.056,12.909,True,
1424,1,baseline,23.591,12.126,3.814,7.65,True,
1425,1,baseline,24.293,12.485,5.155,6.653,True,
1426,1,baseline,23.936,12.299,3.939,7.697,True,
1427,1,baseline,59.138,23.496,21.999,13.642,True,
1428,1,baseline,24.013,12.386,3.901,7.726,True,
1429,1,baseline,21.363,11.95,3.839,5.573,True,
1430,1,baseline,62.66,18.554,4.154,39.953,True,
1431,1,baseline,56.996,39.615,9.802,7.579,True,
1432,1,baseline,53.367,18.091,9.583,25.694,True,
1433,1,baseline,22.59,12.79,4.169,5.631,True,
1434,1,baseline,51.471,37.71,6.229,7.532,True,
1435,1,baseline,74.279,63.502,4.867,5.91,True,
1436,1,baseline,25.763,13.455,4.137,8.171,True,
1437,1,baseline,22.237,12.578,3.961,5.699,True,
1438,1,baseline,37.42,20.84,10.27,6.31,True,
1439,1,baseline,25.171,12.979,4.218,7.975,True,
1440,1,baseline,40.396,28.867,3.958,7.571,True,
1441,1,baseline,34.091,24.43,3.931,5.73,True,
1442,1,baseline,24.961,14.239,4.586,6.137,True,
1443,1,baseline,22.071,11.946,3.891,6.234,True,
1444,1,baseline,25.035,12.936,4.018,8.082,True,
1445,1,baseline,22.429,12.859,3.962,5.608,True,
1446,1,baseline,23.926,12.275,3.819,7.832,True,
1447,1,baseline,29.438,14.019,5.296,10.123,True,
1448,1,baseline,46.362,30.197,4.222,11.944,True,
1449,1,baseline,22.062,12.46,3.899,5.704,True,
1450,1,baseline,29.348,18.051,3.816,7.48,True,
1451,1,baseline,23.714,12.323,3.873,7.518,True,
1452,1,baseline,24.875,12.937,4.112,7.826,True,
1453,1,baseline,21.545,12.011,3.773,5.761,True,
1454,1,baseline,33.428,21.84,3.948,7.639,True,
1455,1,baseline,23.262,12.044,3.815,7.403,True,
1456,1,baseline,29.119,16.056,4.814,8.249,True,
1457,1,baseline,22.27,12.241,3.86,6.169,True,
1458,1,baseline,23.484,12.141,3.725,7.619,True,
1459,1,baseline,23.754,12.358,3.931,7.464,True,
1460,1,baseline,28.359,13.782,4.138,10.44,True,
1461,1,baseline,41.19,24.904,4.342,11.944,True,
1462,1,baseline,24.109,12.537,3.975,7.597,True,
1463,1,baseline,34.728,23.534,3.802,7.392,True,
1464,1,baseline,36.888,18.692,3.865,14.332,True,
1465,1,baseline,21.8,12.235,3.866,5.7,True,
1466,1,baseline,23.404,12.039,3.819,7.546,True,
1467,1,baseline,37.005,20.835,4.098,12.072,True,
1468,1,baseline,28.748,17.476,5.26,6.012,True,
1469,1,baseline,53.853,30.515,10.11,13.228,True,
1470,1,baseline,21.832,12.105,3.894,5.833,True,
1471,1,baseline,46.187,24.446,9.951,11.79,True,
1472,1,baseline,25.161,13.351,4.29,7.52,True,
1473,1,baseline,23.04,13.472,3.884,5.684,True,
1474,1,baseline,40.876,23.263,4.033,13.58,True,
1475,1,baseline,43.415,26.605,4.237,12.573,True,
1476,1,baseline,24.38,12.382,3.882,8.116,True,
1477,1,baseline,21.997,12.14,3.799,6.058,True,
1478,1,baseline,24.6,12.44,3.86,8.3,True,
1479,1,baseline,23.487,12.329,3.818,7.341,True,
1480,1,baseline,25.516,14.639,4.104,6.773,True,
1481,1,baseline,22.32,12.429,3.812,6.079,True,
1482,1,baseline,25.2,12.881,3.776,8.543,True,
1483,1,baseline,28.606,13.451,4.15,11.005,True,
1484,1,baseline,25.705,13.25,3.943,8.512,True,
1485,1,baseline,21.965,12.243,3.875,5.846,True,
1486,1,baseline,24.184,12.34,3.757,8.087,True,
1487,1,baseline,24.726,12.71,3.9,8.116,True,
1488,1,baseline,38.349,19.648,10.496,8.205,True,
1489,1,baseline,37.208,26.903,4.404,5.902,True,
1490,1,baseline,24.247,12.426,3.82,8.001,True,
1491,1,baseline,29.807,12.136,3.833,13.838,True,
1492,1,baseline,24.447,12.616,3.991,7.84,True,
1493,1,baseline,20.938,12.077,3.731,5.129,True,
1494,1,baseline,26.056,13.571,4.389,8.097,True,
1495,1,baseline,48.128,24.43,9.847,13.85,True,
1496,1,baseline,23.538,11.989,3.82,7.729,True,
1497,1,baseline,35.136,24.532,5.037,5.567,True,
1498,1,baseline,45.524,24.142,3.804,17.578,True,
1499,1,baseline,23.923,12.402,3.861,7.66,True,
1500,1,baseline,23.39,11.988,3.771,7.631,True,
1501,1,baseline,23.159,12.678,3.935,6.546,True,
1502,1,baseline,24.842,12.017,3.837,8.988,True,
1503,1,baseline,23.591,12.024,3.802,7.766,True,
1504,1,baseline,27.122,13.982,4.493,8.647,True,
1505,1,baseline,39.314,28.671,4.558,6.085,True,
1506,1,baseline,30.333,16.728,4.797,8.808,True,
1507,1,baseline,25.695,13.809,4.225,7.661,True,
1508,1,baseline,53.405,30.013,9.966,13.425,True,
1509,1,baseline,21.853,12.134,3.774,5.945,True,
1510,1,baseline,23.991,12.317,3.66,8.014,True,
1511,1,baseline,23.714,12.11,3.632,7.972,True,
1512,1,baseline,24.957,14.173,4.225,6.558,True,
1513,1,baseline,23.337,11.818,3.749,7.77,True,
1514,1,baseline,33.328,18.032,9.124,6.172,True,
1515,1,baseline,24.751,13.903,4.08,6.768,True,
1516,1,baseline,23.839,13.41,4.375,6.054,True,
1517,1,baseline,22.727,11.557,3.548,7.621,True,
1518,1,baseline,21.56,11.965,3.694,5.901,True,
1519,1,baseline,21.095,11.636,3.563,5.897,True,
1520,1,baseline,26.276,14.309,4.214,7.753,True,
1521,1,baseline,23.168,13.163,4.136,5.869,True,
1522,1,baseline,39.038,12.588,9.92,16.531,True,
1523,1,baseline,33.349,15.811,3.672,13.866,True,
1524,1,baseline,24.088,12.224,4.155,7.709,True,
1525,1,baseline,21.549,12.27,3.937,5.343,True,
1526,1,baseline,23.253,12.072,3.646,7.535,True,
1527,1,baseline,30.555,12.183,6.17,12.202,True,
1528,1,baseline,31.68,23.507,3.738,4.434,True,
1529,1,baseline,32.309,19.066,10.018,3.224,True,
1530,1,baseline,29.738,21.667,3.743,4.328,True,
1531,1,baseline,29.964,21.909,3.739,4.317,True,
1532,1,baseline,18.702,10.606,3.674,4.422,True,
1533,1,baseline,20.842,11.087,3.974,5.781,True,
1534,1,baseline,24.808,16.676,3.757,4.375,True,
1535,1,baseline,18.601,10.565,3.718,4.318,True,
1536,1,baseline,25.986,16.392,4.386,5.208,True,
1537,1,baseline,18.243,10.782,3.808,3.652,True,
1538,1,baseline,20.584,12.098,3.901,4.585,True,
1539,1,baseline,25.614,11.084,3.843,10.686,True,
1540,1,baseline,20.947,11.879,4.211,4.858,True,
1541,1,baseline,18.237,10.842,3.846,3.55,True,
1542,1,baseline,21.726,12.574,4.468,4.684,True,
1543,1,baseline,20.418,11.837,3.913,4.668,True,
1544,1,baseline,19.448,10.926,3.787,4.735,True,
1545,1,baseline,30.354,22.971,3.807,3.576,True,
1546,1,baseline,22.365,13.199,4.389,4.776,True,
1547,1,baseline,19.648,11.205,3.814,4.629,True,
1548,1,baseline,19.778,11.339,3.839,4.6,True,
1549,1,baseline,24.437,16.911,3.821,3.705,True,
1550,1,baseline,19.452,11.055,3.784,4.612,True,
1551,1,baseline,19.873,11.325,3.908,4.639,True,
1552,1,baseline,19.413,10.905,3.806,4.702,True,
1553,1,baseline,18.926,11.334,4.031,3.561,True,
1554,1,baseline,23.564,12.372,3.775,7.417,True,
1555,1,baseline,24.543,13.063,3.937,7.544,True,
1556,1,baseline,24.246,12.589,3.983,7.673,True,
1557,1,baseline,23.244,13.249,4.076,5.919,True,
1558,1,baseline,31.642,19.234,4.671,7.736,True,
1559,1,baseline,57.776,22.205,4.859,30.712,True,
1560,1,baseline,24.096,12.661,3.882,7.553,True,
1561,1,baseline,22.118,12.908,3.863,5.347,True,
1562,1,baseline,31.639,12.792,3.976,14.871,True,
1563,1,baseline,24.438,12.79,3.998,7.65,True,
1564,1,baseline,25.202,13.125,4.213,7.864,True,
1565,1,baseline,23.579,13.406,4.183,5.99,True,
1566,1,baseline,24.165,12.612,3.98,7.572,True,
1567,1,baseline,24.459,12.884,3.906,7.669,True,
1568,1,baseline,23.625,12.24,3.959,7.426,True,
1569,1,baseline,21.356,11.952,3.768,5.636,True,
1570,1,baseline,42.058,25.84,4.081,12.138,True,
1571,1,baseline,23.162,13.084,4.081,5.997,True,
1572,1,baseline,22.538,12.47,4.088,5.98,True,
1573,1,baseline,60.0,46.755,4.3,8.946,True,
1574,1,baseline,24.428,12.404,4.396,7.627,True,
1575,1,baseline,24.093,12.548,3.905,7.64,True,
1576,1,baseline,23.956,12.401,3.898,7.656,True,
1577,1,baseline,21.421,11.996,3.767,5.657,True,
1578,1,baseline,23.686,12.288,3.866,7.533,True,
1579,1,baseline,23.034,11.891,3.758,7.386,True,
1580,1,baseline,40.223,18.228,4.062,17.933,True,
1581,1,baseline,21.324,11.89,3.799,5.634,True,
1582,1,baseline,65.298,53.893,3.968,7.437,True,
1583,1,baseline,26.932,16.441,4.083,6.408,True,
1584,1,baseline,24.636,13.717,4.652,6.267,True,
1585,1,baseline,22.648,12.928,4.177,5.544,True,
1586,1,baseline,23.532,12.182,3.838,7.513,True,
1587,1,baseline,24.011,12.548,3.864,7.599,True,
1588,1,baseline,24.813,13.151,4.013,7.649,True,
1589,1,baseline,21.34,12.092,3.77,5.479,True,
1590,1,baseline,29.767,12.527,3.953,13.287,True,
1591,1,baseline,117.915,96.198,3.99,17.727,True,
1592,1,baseline,23.992,12.577,3.92,7.495,True,
1593,1,baseline,22.058,12.546,3.852,5.66,True,
1594,1,baseline,26.829,14.527,4.703,7.599,True,
1595,1,baseline,27.697,15.859,4.112,7.727,True,
1596,1,baseline,42.988,23.289,3.811,15.888,True,
1597,1,baseline,22.453,12.638,3.955,5.86,True,
1598,1,baseline,43.435,25.851,3.997,13.587,True,
1599,1,baseline,23.678,12.356,3.893,7.429,True,
1600,1,baseline,23.296,12.006,3.774,7.516,True,
1601,1,baseline,21.774,12.317,3.906,5.551,True,
1602,1,baseline,36.388,12.71,9.932,13.747,True,
1603,1,baseline,41.875,25.817,4.004,12.054,True,
1604,1,baseline,51.812,41.854,4.005,5.953,True,
1605,1,baseline,23.774,12.4,4.086,7.287,True,
1606,1,baseline,29.235,19.511,3.839,5.885,True,
1607,1,baseline,37.263,17.728,4.23,15.306,True,
1608,1,baseline,35.407,14.927,3.913,16.567,True,
1609,1,baseline,33.854,17.585,3.82,12.448,True,
1610,1,baseline,36.802,26.589,3.829,6.383,True,
1611,1,baseline,38.144,23.011,3.789,11.344,True,
1612,1,baseline,35.836,24.427,4.008,7.401,True,
1613,1,baseline,21.216,12.185,3.749,5.282,True,
1614,1,baseline,23.88,12.57,3.806,7.504,True,
1615,1,baseline,46.719,18.314,22.817,5.588,True,
1616,1,baseline,23.26,11.954,3.809,7.497,True,
1617,1,baseline,21.641,12.375,3.95,5.316,True,
1618,1,baseline,39.626,22.034,4.03,13.563,True,
1619,1,baseline,23.176,11.977,3.777,7.423,True,
1620,1,baseline,41.111,23.651,3.838,13.622,True,
1621,1,baseline,40.216,24.86,10.018,5.338,True,
1622,1,baseline,23.248,11.918,3.773,7.557,True,
1623,1,baseline,23.633,12.345,3.818,7.47,True,
1624,1,baseline,25.373,12.627,4.021,8.725,True,
1625,1,baseline,38.435,23.11,3.839,11.487,True,
1626,1,baseline,23.534,12.176,3.947,7.411,True,
1627,1,baseline,38.577,20.596,3.989,13.991,True,
1628,1,baseline,24.211,13.07,3.789,7.352,True,
1629,1,baseline,21.172,11.899,3.81,5.463,True,
1630,1,baseline,24.036,12.041,3.848,8.147,True,
1631,1,baseline,38.208,17.993,3.859,16.355,True,
1632,1,baseline,37.193,19.843,9.906,7.444,True,
1633,1,baseline,40.359,31.274,3.765,5.319,True,
1634,1,baseline,22.348,12.019,5.124,5.205,True,
1635,1,baseline,23.296,12.103,3.917,7.276,True,
1636,1,baseline,25.445,13.514,3.945,7.986,True,
1637,1,baseline,21.351,12.229,3.746,5.376,True,
1638,1,baseline,45.702,23.755,9.841,12.106,True,
1639,1,baseline,34.596,13.457,15.066,6.072,True,
1640,1,baseline,26.335,15.243,4.841,6.251,True,
1641,1,baseline,24.228,12.818,4.186,7.224,True,
1642,1,baseline,22.342,12.651,4.014,5.677,True,
1643,1,baseline,42.5,25.913,10.914,5.674,True,
1644,1,baseline,26.41,16.394,4.442,5.575,True,
1645,1,baseline,34.099,11.594,3.791,18.714,True,
1646,1,baseline,31.49,16.52,3.679,11.29,True,
1647,1,baseline,31.064,13.417,4.267,13.38,True,
1648,1,baseline,24.085,12.459,3.932,7.693,True,
1649,1,baseline,22.719,12.917,4.038,5.764,True,
1650,1,baseline,44.954,21.568,9.967,13.42,True,
1651,1,baseline,56.944,44.557,4.207,8.18,True,
1652,1,baseline,51.615,32.724,5.197,13.693,True,
1653,1,baseline,22.897,13.076,4.004,5.817,True,
1654,1,baseline,24.474,12.695,3.976,7.803,True,
1655,1,baseline,23.705,12.363,3.766,7.577,True,
1656,1,baseline,26.265,14.359,4.374,7.532,True,
1657,1,baseline,27.406,12.131,3.798,11.476,True,
1658,1,baseline,23.59,13.486,4.15,5.954,True,
1659,1,baseline,23.84,11.976,3.926,7.938,True,
1660,1,baseline,25.467,13.464,4.194,7.81,True,
1661,1,baseline,22.701,13.026,4.426,5.249,True,
1662,1,baseline,23.464,12.078,3.828,7.558,True,
1663,1,baseline,25.409,13.48,4.243,7.686,True,
1664,1,baseline,189.58,93.793,78.945,16.842,True,
1665,1,baseline,24.579,12.869,4.256,7.454,True,
1666,1,baseline,21.496,11.764,3.799,5.933,True,
1667,1,baseline,76.546,66.276,4.126,6.144,True,
1668,1,baseline,21.0,11.621,3.744,5.636,True,
1669,1,baseline,39.145,12.146,3.998,23.0,True,
1670,1,baseline,27.397,17.836,3.918,5.643,True,
1671,1,baseline,24.457,12.822,4.055,7.58,True,
1672,1,baseline,23.193,12.087,3.874,7.232,True,
1673,1,baseline,40.601,24.705,3.975,11.921,True,
1674,1,baseline,23.211,11.909,3.838,7.464,True,
1675,1,baseline,37.484,17.116,3.928,16.44,True,
1676,1,baseline,26.779,12.032,3.812,10.936,True,
1677,1,baseline,21.3,12.091,3.81,5.399,True,
1678,1,baseline,23.651,12.205,3.908,7.537,True,
1679,1,baseline,22.89,11.863,3.807,7.221,True,
1680,1,baseline,27.235,15.789,4.17,7.276,True,
1681,1,baseline,21.996,12.465,4.107,5.425,True,
1682,1,baseline,43.428,18.109,3.864,21.455,True,
1683,1,baseline,22.968,11.954,3.785,7.229,True,
1684,1,baseline,35.525,18.97,4.304,12.252,True,
1685,1,baseline,22.558,11.771,3.818,6.968,True,
1686,1,baseline,54.029,17.006,16.502,20.521,True,
1687,1,baseline,21.794,11.968,3.814,6.012,True,
1688,1,baseline,25.074,12.784,4.598,7.693,True,
1689,1,baseline,21.797,12.376,3.821,5.601,True,
1690,1,baseline,33.677,24.087,3.95,5.64,True,
1691,1,baseline,38.31,19.127,4.247,14.936,True,
1692,1,baseline,49.014,25.743,15.888,7.383,True,
1693,1,baseline,23.124,11.97,5.462,5.691,True,
1694,1,baseline,29.209,17.856,3.919,7.434,True,
1695,1,baseline,41.52,24.177,3.817,13.526,True,
1696,1,baseline,47.706,24.524,9.823,13.358,True,
1697,1,baseline,20.801,11.868,3.786,5.147,True,
1698,1,baseline,34.632,23.502,3.811,7.319,True,
1699,1,baseline,23.643,12.279,3.9,7.464,True,
1700,1,baseline,23.062,11.968,3.818,7.276,True,
1701,1,baseline,26.016,13.271,4.314,8.432,True,
1702,1,baseline,24.294,12.895,3.888,7.511,True,
1703,1,baseline,24.693,12.99,4.187,7.516,True,
1704,1,baseline,47.532,35.879,4.053,7.601,True,
1705,1,baseline,22.496,12.71,4.067,5.719,True,
1706,1,baseline,33.943,12.949,4.133,16.861,True,
1707,1,baseline,24.306,12.296,4.425,7.584,True,
1708,1,baseline,26.903,16.798,4.294,5.811,True,
1709,1,baseline,23.42,13.633,3.985,5.802,True,
1710,1,baseline,22.082,11.916,3.602,6.564,True,
1711,1,baseline,23.129,13.152,3.861,6.115,True,
1712,1,baseline,24.742,12.82,4.151,7.771,True,
1713,1,baseline,22.958,13.023,4.111,5.824,True,
1714,1,baseline,22.712,12.45,3.794,6.468,True,
1715,1,baseline,24.609,12.617,4.159,7.833,True,
1716,1,baseline,22.896,11.728,3.66,7.508,True,
1717,1,baseline,22.916,13.505,4.288,5.123,True,
1718,1,baseline,21.665,11.214,3.553,6.899,True,
1719,1,baseline,94.794,74.378,9.053,11.363,True,
1720,1,baseline,31.253,16.893,5.266,9.095,True,
1721,1,baseline,24.058,13.319,4.057,6.682,True,
1722,1,baseline,23.704,12.174,3.854,7.676,True,
1723,1,baseline,26.049,13.686,4.336,8.027,True,
1724,1,baseline,51.48,40.737,4.637,6.106,True,
1725,1,baseline,23.354,11.988,3.942,7.423,True,
1726,1,baseline,24.805,14.154,4.417,6.234,True,
1727,1,baseline,44.52,23.749,4.198,16.574,True,
1728,1,baseline,23.047,13.171,3.821,6.055,True,
1729,1,baseline,26.159,13.58,4.299,8.28,True,
1730,1,baseline,31.209,16.914,5.807,8.487,True,
1731,1,baseline,51.985,26.224,10.528,15.233,True,
1732,1,baseline,30.779,16.497,5.272,9.011,True,
1733,1,baseline,28.859,18.838,4.32,5.701,True,
1734,1,baseline,35.298,19.132,4.032,12.134,True,
1735,1,baseline,37.199,20.762,4.383,12.054,True,
1736,1,baseline,40.841,18.733,9.985,12.123,True,
1737,1,baseline,24.0,12.505,4.101,7.395,True,
1738,1,baseline,21.486,11.766,3.796,5.924,True,
1739,1,baseline,22.726,12.516,3.995,6.215,True,
1740,1,baseline,33.264,11.675,7.541,14.048,True,
1741,1,baseline,24.065,12.79,3.963,7.312,True,
1742,1,baseline,60.03,41.489,4.35,14.191,True,
1743,1,baseline,42.463,26.536,3.895,12.032,True,
1744,1,baseline,43.181,21.172,4.051,17.958,True,
1745,1,baseline,22.823,11.753,3.819,7.25,True,
1746,1,baseline,22.981,13.163,3.977,5.841,True,
1747,1,baseline,48.391,32.084,10.184,6.123,True,
1748,1,baseline,36.077,24.555,3.92,7.602,True,
1749,1,baseline,24.626,12.303,4.616,7.707,True,
1750,1,baseline,39.095,23.399,4.036,11.659,True,
1751,1,baseline,43.93,22.298,10.145,11.487,True,
1752,1,baseline,53.791,34.296,13.595,5.9,True,
1753,1,baseline,23.892,12.521,3.937,7.434,True,
1754,1,baseline,25.897,16.199,3.88,5.817,True,
1755,1,baseline,24.063,12.953,5.356,5.755,True,
1756,1,baseline,22.068,12.166,4.041,5.86,True,
1757,1,baseline,23.415,12.37,3.873,7.172,True,
1758,1,baseline,37.906,22.065,10.0,5.842,True,
1759,1,baseline,22.87,12.979,4.185,5.706,True,
1760,1,baseline,46.106,30.653,4.026,11.427,True,
1761,1,baseline,31.202,12.253,3.952,14.997,True,
1762,1,baseline,21.083,11.685,3.799,5.598,True,
1763,1,baseline,23.263,12.992,4.281,5.99,True,
1764,1,baseline,22.373,12.383,4.284,5.706,True,
1765,1,baseline,23.225,12.225,3.951,7.049,True,
1766,1,baseline,27.471,12.349,4.04,11.081,True,
1767,1,baseline,28.922,19.406,3.889,5.627,True,
1768,1,baseline,44.726,23.023,10.025,11.678,True,
1769,1,baseline,37.406,24.497,4.375,8.534,True,
1770,1,baseline,22.922,12.705,4.179,6.038,True,
1771,1,baseline,21.532,11.718,3.862,5.952,True,
1772,1,baseline,22.53,12.357,3.996,6.176,True,
1773,1,baseline,22.774,11.742,3.883,7.15,True,
1774,1,baseline,21.714,12.022,3.891,5.801,True,
1775,1,baseline,25.702,12.36,4.277,9.066,True,
1776,1,baseline,47.888,20.244,4.874,22.77,True,
1777,1,baseline,36.176,24.646,4.062,7.468,True,
1778,1,baseline,74.873,12.238,3.926,58.709,True,
1779,1,baseline,28.793,19.496,3.768,5.529,True,
1780,1,baseline,39.583,18.029,9.876,11.678,True,
1781,1,baseline,24.44,11.813,3.822,8.805,True,
1782,1,baseline,21.622,12.108,3.958,5.556,True,
1783,1,baseline,21.079,11.741,3.815,5.522,True,
1784,1,baseline,21.219,11.795,3.904,5.52,True,
1785,1,baseline,21.326,11.348,3.702,6.277,True,
1786,1,baseline,20.153,11.207,3.719,5.226,True,
1787,1,baseline,20.761,11.506,3.762,5.493,True,
1788,1,baseline,19.964,11.106,3.571,5.287,True,
