assigned_method,gpu_id,budget,variant,actual_bops,repeat_count,engine_sha256,frame_order_hash,int8_count,fp16_count,fp32_count,parameter_count_base,parameter_count_pruned,parameter_reduction,AP@0.3_across_runs_mean,AP@0.3_across_runs_std,AP@0.3_across_runs_min,AP@0.3_across_runs_max,AP@0.5_across_runs_mean,AP@0.5_across_runs_std,AP@0.5_across_runs_min,AP@0.5_across_runs_max,AP@0.7_across_runs_mean,AP@0.7_across_runs_std,AP@0.7_across_runs_min,AP@0.7_across_runs_max,mAP_across_runs_mean,mAP_across_runs_std,mAP_across_runs_min,mAP_across_runs_max,forward_mean_ms_across_runs_mean,forward_mean_ms_across_runs_std,forward_mean_ms_across_runs_min,forward_mean_ms_across_runs_max,forward_p50_ms_across_runs_mean,forward_p50_ms_across_runs_std,forward_p50_ms_across_runs_min,forward_p50_ms_across_runs_max,forward_p90_ms_across_runs_mean,forward_p90_ms_across_runs_std,forward_p90_ms_across_runs_min,forward_p90_ms_across_runs_max,forward_p99_ms_across_runs_mean,forward_p99_ms_across_runs_std,forward_p99_ms_across_runs_min,forward_p99_ms_across_runs_max,postprocess_mean_ms_across_runs_mean,postprocess_mean_ms_across_runs_std,postprocess_mean_ms_across_runs_min,postprocess_mean_ms_across_runs_max,postprocess_p50_ms_across_runs_mean,postprocess_p50_ms_across_runs_std,postprocess_p50_ms_across_runs_min,postprocess_p50_ms_across_runs_max,postprocess_p90_ms_across_runs_mean,postprocess_p90_ms_across_runs_std,postprocess_p90_ms_across_runs_min,postprocess_p90_ms_across_runs_max,postprocess_p99_ms_across_runs_mean,postprocess_p99_ms_across_runs_std,postprocess_p99_ms_across_runs_min,postprocess_p99_ms_across_runs_max,total_mean_ms_across_runs_mean,total_mean_ms_across_runs_std,total_mean_ms_across_runs_min,total_mean_ms_across_runs_max,total_p50_ms_across_runs_mean,total_p50_ms_across_runs_std,total_p50_ms_across_runs_min,total_p50_ms_across_runs_max,total_p90_ms_across_runs_mean,total_p90_ms_across_runs_std,total_p90_ms_across_runs_min,total_p90_ms_across_runs_max,total_p99_ms_across_runs_mean,total_p99_ms_across_runs_std,total_p99_ms_across_runs_min,total_p99_ms_across_runs_max,speedup_vs_same_gpu_fp32_across_runs_mean,speedup_vs_same_gpu_fp32_across_runs_std,speedup_vs_same_gpu_fp32_across_runs_min,speedup_vs_same_gpu_fp32_across_runs_max
ga,0,,fp32,1.0,5,c85eb9c4cf7e2ee3713815ef042486587c9a2cae118496e32ea30aa7791686a5,6f09fef12c760797b7975ab048f11d4085c79ba0dbf59c2974a4097b651817b1,0,1,69,,,0.0,0.8262275062073531,3.293581686875707e-05,0.8261893376285537,0.8262782977269028,0.7816153641747439,3.718819742137941e-05,0.7815794232374342,0.7816799721842883,0.6022858379400624,0.00011840096550542055,0.6021594796034483,0.6024389977614132,0.7367095694407199,3.4015946203609475e-05,0.736660416961171,0.7367527051234636,8.872619615296829,0.3027893013695673,8.316767444594298,9.228148616550868,7.169624681894978,0.09358364003961692,6.9902757337937755,7.261401663223903,7.47696550252537,0.2043787487794897,7.07074406867226,7.612353377044201,30.612324046575804,3.436401228767486,23.885951510926127,33.4682761101509,5.297477202164087,0.6063076446484976,4.167585605843947,5.884247917766267,4.865111829712987,0.5072059885577446,3.9900019764900208,5.4219800513237715,6.834349138662219,0.8880414948097239,5.117249907925725,7.66292167827487,13.71262681297955,4.078585150722562,6.20571257546544,18.06174719706175,14.170096817460916,0.9040501279201031,12.484353050438246,15.112396534317135,12.054403886819879,0.5949346785589779,11.00048772059381,12.700166320428252,14.470052585626643,1.1677580652441766,12.21045522640149,15.468914387747645,52.129001745940215,12.424724758140782,30.17650187945403,68.54560639397573,1.0,0.0,1.0,1.0
ga,0,0.3,prune_quant,0.3042234480381012,5,2a18f8e1e1aeb90af046ad7b8a38934bf222ff0d6dec06d3ba1945fb8b0e98fb,6f09fef12c760797b7975ab048f11d4085c79ba0dbf59c2974a4097b651817b1,0,26,44,,,,0.8261820795071222,4.7255001691465016e-05,0.8261023832306595,0.8262495220413046,0.7816602806859676,6.831647282043926e-05,0.7815782439249956,0.7817854751498126,0.6023304026069223,0.00011960590378254466,0.602130843318486,0.6024635204028532,0.7367242542666707,6.829955678128939e-05,0.7366222751346131,0.7368127067643083,8.272600018764471,0.3161630646834685,7.864102700521129,8.66966111432273,6.698779373740156,0.09077602625996649,6.5747172726939125,6.847573754688104,7.005195130283634,0.21474063652617104,6.713682288924852,7.326864404603839,30.776177541649417,4.335078122038024,23.645081231357477,36.54657015265067,5.270779409376585,0.5767089566333576,4.375741287624456,6.07514014306737,4.779674438759685,0.4900311121082663,4.041131120175123,5.475096171721816,6.767416950315237,0.8548124990350884,5.493553029373288,7.845751615241172,14.678464820608431,2.872785783763529,10.069570401683439,18.185321483761033,13.543379428141057,0.8818525136306932,12.239843988145585,14.7448012573901,11.503442159543436,0.5846464926456976,10.634938177342217,12.379010596002143,13.996935347095132,1.2404557290129308,12.181401206180453,15.667774279912313,51.53136081681964,7.616403245748428,36.59398638952574,57.793196225526444,1.0703400751861987,0.009906184638779104,1.0542477145837266,1.078884733595166
ga,0,0.3,prune_only,0.3042234480381012,5,da7aa305ac08104fff6d52383e0d979bf1f7f2f0f31504040c802665838d4779,6f09fef12c760797b7975ab048f11d4085c79ba0dbf59c2974a4097b651817b1,0,1,69,5464791,4316459,0.21013283033148022,0.8262102005752542,6.298766353891287e-05,0.8261402646797599,0.8263062145216417,0.7815579462382469,9.633084562721904e-05,0.7814730253522179,0.7817385048981693,0.6022789478011852,0.0001743254809364305,0.6019724563602515,0.602482351856907,0.736682364871562,9.580676567430182e-05,0.7365414540888322,0.7368423570922392,7.914525245959941,0.22793344394340245,7.516431928092924,8.21460282824134,6.148081785067916,0.04257536897992097,6.064433992529909,6.179522257298231,6.4588905063768225,0.18839193421163763,6.15051055016617,6.694503780454397,32.134806095295396,4.97665187383673,24.503464664626733,38.96849638780741,5.128170551743636,0.500591358401189,4.2398541118343696,5.609574412761487,4.635348776355386,0.34214849920590684,4.053393844515085,5.056212889030576,6.59517521969974,0.8520045457669727,5.09525197558105,7.427080906927586,13.33006728067993,4.5830267653531855,6.395400054752819,18.194874431937905,13.042695797703576,0.7225973388311888,11.756286039927293,13.824177241002825,10.802937842284638,0.38109429708231446,10.132194341470797,11.258545176436503,13.274499466642737,1.2587363199549606,11.159191808352867,14.571744265655678,54.10559847080257,9.34961528766387,36.74528681361146,64.45095479797497,1.1661150652199068,0.00849321585054912,1.152667461201541,1.1786846777470206
ga,0,0.3,quant_only,0.3042234480381012,5,2748bf5bfb7dc4982c17917905b246cd2dabcecf54ee1ab8bb329a0084fd747e,6f09fef12c760797b7975ab048f11d4085c79ba0dbf59c2974a4097b651817b1,0,26,44,5464791,5464791,0.0,0.8261259951430915,2.20731743491241e-05,0.8260999765581217,0.8261615399488119,0.7816086816879698,3.8933149041930214e-05,0.7815531876537695,0.7816694465996064,0.6024314137791726,8.544535637199152e-05,0.6023517675300103,0.6025821861116311,0.7367220302034114,2.0517334464626507e-05,0.736705047241899,0.7367571799221359,8.936525703138335,0.3660137567841721,8.463686536218418,9.289023788692369,7.318919415896137,0.09049397809451888,7.204888698955377,7.408671624337633,7.633198071271181,0.29663818075203857,7.2790975527217,7.969717836628358,30.924677550778462,6.794407048401005,22.729705590741077,40.010326405351194,5.207900433812047,0.8758117283262845,4.1072171283214285,6.062295630781418,4.785355180501938,0.6899076711541696,3.9103501476347446,5.397862987592816,6.6926260478794575,1.3211012684795778,5.021231295540929,8.10396014712751,12.869452564045762,5.85594253098999,5.983676556497811,20.552098071202614,14.144426136950383,1.2409524333303645,12.631311255961988,15.351319419473787,12.143619374061624,0.8038706685565026,11.12987791808943,12.87730721135934,14.557809755206108,1.8331593895366627,12.256433566411335,16.46112017333508,48.42607264095281,15.819784208322627,29.2591781914101,65.98858427875986,0.9796385964581645,0.009551381755314283,0.9702128687716276,0.9972132079637922
ga,0,0.25,prune_quant,0.25451675057411194,5,6c950f8ddadf52420fe8581a8fca2afa9cf73b1e793cd0287ceddb310e7f6233,6f09fef12c760797b7975ab048f11d4085c79ba0dbf59c2974a4097b651817b1,1,29,40,,,,0.8262089342552791,8.832833539969109e-05,0.8260892958390731,0.8263039093338418,0.7816410047002471,0.00011106675815552161,0.781499647796916,0.781841349550466,0.602345443194969,0.00012237689990930432,0.6022120451755613,0.6025269309409502,0.7367317940501651,8.090656090906327e-05,0.7366122999894641,0.7368614279438702,6.644154119900338,0.2860568586867456,6.201240786588823,7.104098618935321,5.020241703217229,0.06504581463756018,4.898404004052281,5.088717599088947,5.432487207775315,0.37631094499468776,4.970811493694782,6.120115083952745,28.2085684761263,5.182097096633326,20.57539466456698,33.489697743193986,5.204751041377887,0.6083352329606205,4.116234872068495,5.957806215982295,4.720615642145276,0.4114396292226931,3.9299060590565205,5.057834088802338,6.861660107970238,1.1364619222493524,4.933610046282411,8.46585142426193,12.815927317365967,5.144525663977223,5.915026841685176,20.62582755461328,11.848905161278227,0.8843425696602402,10.317475658657319,13.061904834917616,9.766455056766668,0.4835350050288772,8.837384559834998,10.159608830387395,12.408602737511199,1.6511568363395386,9.841964036847154,15.021580845738454,47.091849140189666,13.252600917335792,30.49618559267327,61.38656532701175,1.4281482470106381,0.0044371714984272675,1.4217214015393975,1.4353835499480452
ga,0,0.25,prune_only,0.25451675057411194,5,c9279cf04147c6c6d5d0196e426e098690a550af59b9cec493411f4e6f0a046a,6f09fef12c760797b7975ab048f11d4085c79ba0dbf59c2974a4097b651817b1,0,1,69,5464791,4334751,0.2067855842977343,0.826194633822869,4.220488660532407e-05,0.8261328684132317,0.8262485191493033,0.7815538193142938,6.977178144312742e-05,0.7814529457901858,0.7816703001786751,0.6023804190745843,6.836155118280275e-05,0.6023084946868651,0.6025100351628948,0.7367096240705824,3.917784509889602e-05,0.7366457458129615,0.7367541046762621,7.852776778540161,0.19944462418983613,7.589028212430106,8.04499971751663,6.180445679153005,0.05622532170162919,6.110124057158828,6.2463410043468075,6.4831107047696905,0.1756831465632891,6.264655028159419,6.671205520009001,30.235154500215437,3.926353983046095,24.105049300302806,35.8133266276207,5.1423163447880995,0.4793581267667335,4.487346567431139,5.629351266017918,4.728838382288814,0.33772141739068845,4.3192419689148664,5.095866043120623,6.667541321367025,0.6792179528517908,5.80622348934412,7.385165337473154,13.181392159312944,4.513495971480443,7.550024390220639,17.317537153139668,12.995093123328257,0.6717842325834563,12.120054129940424,13.624461025182864,10.928790022929508,0.38963442179454266,10.457096233343083,11.356552829965949,13.27784805248181,0.9628558565223883,12.085336539894342,14.233296659464635,48.0421328587938,8.951794994987116,31.51332723285777,55.473535846283355,1.1600455763137454,0.010504663423380687,1.144048086160171,1.1759087431845903
ga,0,0.25,quant_only,0.25451675057411194,5,7a2a13752e0d2c96f27b18bf1b6f47acc174b6d88c21c73791cf93b2e9827cba,6f09fef12c760797b7975ab048f11d4085c79ba0dbf59c2974a4097b651817b1,1,29,40,5464791,5464791,0.0,0.8262032264722986,9.227224397044769e-05,0.8260643772009828,0.826330673573453,0.781717247786343,8.392588473037927e-05,0.7815549399571413,0.7817777397794163,0.6023077594156089,0.00019932454592370562,0.6020635331349667,0.6024900312666818,0.7367427445580835,0.00010979821306551283,0.736560950097697,0.736866148206517,6.66257196696184,0.31082852092563973,6.2104651660354575,6.996667949968328,5.138671273986499,0.08867104521224506,4.995547778283556,5.2378263014058275,5.411050459370017,0.22589931942388866,5.077707922707001,5.640763261665901,26.496172492067945,4.681724043028259,20.24437642654936,32.34854744124834,5.189452613321278,0.7021811224625659,4.156700991637601,5.92498599953508,4.7481107991188765,0.521068964107676,4.048807080835104,5.40009792894125,6.665651667863131,1.0956640126861354,4.9607178196311,7.985458802431822,13.528112737461901,5.588482683962465,5.879505760967731,20.054186172783346,11.852024580283118,1.0128238153459173,10.367166157673058,12.921653949503408,9.919833873088162,0.6192184638503562,9.059455323343474,10.678340215235949,12.236849429706734,1.4682375446202383,9.982133253167074,13.912643849228822,45.483610532544894,13.467968298950668,26.599347917350073,63.269704192243665,1.3953579334253334,0.010567890119393108,1.3831024252191915,1.4129991858148676
ga,0,0.2,prune_quant,0.2043001502752304,5,932907fbb35315efc2c5ff1615465d73aa6d6c1ac74d71fd28034b250563a8d4,6f09fef12c760797b7975ab048f11d4085c79ba0dbf59c2974a4097b651817b1,3,29,38,,,,0.8262603806874107,4.6826038984765566e-05,0.826181071689377,0.8263014730534375,0.7815529384057419,7.449687096850003e-05,0.7814700997782699,0.7816768322980555,0.6021264056651617,0.000167819030623173,0.6018755573864963,0.6023351348767095,0.7366465749194381,4.9474094438827514e-05,0.736574518323846,0.7367198619439806,6.366798754245979,0.21159814902607532,6.089288456374489,6.578443443211073,4.905585463469227,0.0466030756437454,4.850440037747224,4.966333353271087,5.181800173595548,0.14218153180691026,4.993561593194802,5.303341072673598,26.32803979390551,4.527023642106536,20.6880051425222,33.18373794976605,5.204507420380908,0.457614233340131,4.650635757109243,5.7249737937573935,4.77069872431457,0.36944216955433895,4.294132813811302,5.225274944677949,6.708712335675955,0.6724304441580937,5.873378133401275,7.395710190758111,13.12952435016631,3.5882579435606234,8.569088056683526,17.66577130183576,11.571306174626887,0.6653532484618435,10.746035906995516,12.282064675542786,9.696233582993349,0.41629867575109597,9.164514020085335,10.209701023995876,11.96487755825122,0.8787638282155243,10.827055837338168,12.843117443844676,48.4299446480862,9.500035303245173,32.73709696716408,58.199417081962004,1.4615508847289866,0.016033689890189193,1.4407571763071416,1.4828795558423158
ga,0,0.2,prune_only,0.2043001502752304,5,f9919a0d448f23cddffc4dffa911f500402ccfaf5a09e9dad1dac821b2a1fbd2,6f09fef12c760797b7975ab048f11d4085c79ba0dbf59c2974a4097b651817b1,0,1,69,5464791,4298167,0.21348007636522603,0.8261949508815633,3.3287688612170196e-05,0.8261319177821401,0.8262312757814765,0.7815604123044932,7.178784486784178e-05,0.7814557518384403,0.7816604573217434,0.6022292287407047,0.0001800127058953299,0.6019646111917167,0.6024928034900886,0.7366615306422537,8.445902595035627e-05,0.7365174269374325,0.7367703336239947,7.9864460414177305,0.4472578508619596,7.36916630772847,8.55660723647766,6.14653566541771,0.10809372736559121,5.975767038762569,6.276759319007397,6.642087794219455,0.5643437449356534,6.061152166997393,7.65542561809222,30.627375727502624,5.61396196911098,23.54211471042003,36.78803592918453,5.3122707086111856,0.8427681860608558,4.145142356534538,6.48842086206524,4.765188414603472,0.5002104867281382,3.985455958172679,5.287280073389411,7.177705131471157,1.7833238832642782,5.008877208456397,10.026389546692375,13.432674821466197,6.568543568659005,5.8736705314367965,23.850401332601898,13.298716750028916,1.288640105580659,11.514308664263009,15.045028098542899,10.959162438909214,0.6409945508798357,9.96285902025799,11.6929995516936,13.891925774514675,2.4206850107545437,11.025875077272454,17.794202687218785,49.13614255747193,16.251086936015323,31.53256578369461,71.86541631195468,1.1666049435075123,0.013171402999921547,1.1501219999725998,1.1828303795518034
ga,0,0.2,quant_only,0.2043001502752304,5,f880f95066d88cedca847e79a5c55cc87a46d9817beaa71f0861c249cef89e41,6f09fef12c760797b7975ab048f11d4085c79ba0dbf59c2974a4097b651817b1,3,29,38,5464791,5464791,0.0,0.8262620441279221,7.223535919864564e-05,0.8261440762271595,0.8263404888532437,0.7816183213471998,6.700283430325314e-05,0.7815418151466298,0.7817383340000047,0.6023494214037317,0.0001067708787882064,0.6021718523863342,0.602480140365927,0.7367432622929513,4.742529047081371e-05,0.7366777491383129,0.7368106913832858,6.537340791602377,0.2256148578703898,6.1919453033446175,6.792814542407711,5.022647821654876,0.05771866428583011,4.916648458068569,5.081869972248872,5.3350461926311255,0.1818081517639927,5.047348638375601,5.521534057334065,24.329303792354004,3.4721136625493947,19.56994186154226,27.996765188859918,5.190436196471307,0.505779356431776,4.285831418634919,5.6160210464941,4.794255085289478,0.40583151583785093,4.1155030485242605,5.2441980224102736,6.750573609024286,0.8025079763400609,5.268149822950363,7.375015877187254,12.47886930219826,3.519289741992343,7.176847169175739,15.431753778830158,11.727776988073684,0.7254211141437632,10.477776721979536,12.384538034960011,9.843416480968395,0.4715518106793679,9.034625021740794,10.369444576402504,12.175576422984403,1.057436961585983,10.30148851374785,13.10901095469793,44.86117835093398,10.800252543662323,32.516225905456494,61.39526148636108,1.427445957048434,0.006483348785016959,1.4205477552053167,1.4352668701994469
ga,0,0.15,prune_quant,0.1545257717370987,5,ebe44ee96e4652e6b66b13dc89033b05e3ede730446d60485a0623665e02fe62,6f09fef12c760797b7975ab048f11d4085c79ba0dbf59c2974a4097b651817b1,10,31,29,,,,0.8261612931558961,9.230844178891018e-05,0.8260232487332496,0.8262815528587287,0.7814328290134208,8.498996616635196e-05,0.7813194107082851,0.7815671087388625,0.6022817460151739,0.0001037309524448407,0.6020922831824531,0.6023799587811346,0.7366252893948303,8.731417698915841e-05,0.7364949189457951,0.7367370699429839,6.1142690779003726,0.2404720415635581,5.817147495137614,6.434841224747079,4.6547848886499805,0.06380903924747953,4.573697689920664,4.735688368479411,4.989264104515314,0.18321194632216667,4.734661880259712,5.164295776436726,26.594456131867712,3.950887558740186,22.067793641848098,32.723614796982915,5.3301510886253265,0.5079488296355307,4.667515512331987,6.030503681914484,4.83747161924839,0.3610578654474353,4.393636016175151,5.290802102535963,6.965805683284998,0.7455332866783655,5.8571443893015385,7.846699934452772,13.573125582188329,4.45666258721872,8.64556670188903,20.81579769961527,11.444420166525699,0.7479883866529636,10.484663007469601,12.465344906661564,9.531025495380163,0.42660077400452273,8.998865649725001,10.02979907207191,12.10021446769436,1.0045505717942582,10.716079268604517,13.386449667935569,48.655044607807625,8.086011994619613,37.115140718707615,59.97308995573681,1.540377935203588,0.017193572061944617,1.5171582467590357,1.5680521026231877
ga,0,0.15,prune_only,0.1545257717370987,5,f9919a0d448f23cddffc4dffa911f500402ccfaf5a09e9dad1dac821b2a1fbd2,6f09fef12c760797b7975ab048f11d4085c79ba0dbf59c2974a4097b651817b1,0,1,69,5464791,4298167,0.21348007636522603,0.8262200981302252,5.2760297320621116e-05,0.8261301255713639,0.8262748238977772,0.7816030495193855,0.00010558368831600576,0.7814188414510307,0.7817103639964783,0.6024303856045135,0.00017967849073825595,0.6021454902337413,0.6026420074377753,0.7367511777513747,9.946209639760143e-05,0.736613568645398,0.7368622256551457,7.97994957305144,0.23702470782219345,7.5093827500418096,8.150442998944111,6.150477814177672,0.0635621487755729,6.062201379487912,6.222799342746536,6.543263491864006,0.22216258921687387,6.182568008080125,6.820599750305218,32.17629757708224,3.1266870376922413,27.021027030407943,36.019062135975034,5.376407806462227,0.3727806695414721,4.635500953943495,5.599160447025379,4.874533228576183,0.29927368803624643,4.327314905822277,5.164527101442218,6.9203102495521325,0.5671132909794793,5.805384833365679,7.302354043349625,14.90771614387629,4.509615608870362,7.719544908031817,21.69885394163428,13.356357379513668,0.6087758878059475,12.144883703985304,13.74960344596949,11.057752805451551,0.34827723878247246,10.425830104698736,11.347160519411165,13.715247111395001,0.973711974105175,11.920747843881447,14.874877423668902,51.95294885522238,5.478876649668393,41.69661018375151,57.40304148133622,1.1657489623538304,0.014078959142527908,1.1478976993416778,1.1864697192593041
ga,0,0.15,quant_only,0.1545257717370987,5,f1d0bb24a6cd2b807d7fe5c4721fc7dc625db44a86b9a39e9e54be6aa686c43e,6f09fef12c760797b7975ab048f11d4085c79ba0dbf59c2974a4097b651817b1,10,31,29,5464791,5464791,0.0,0.8262293447687286,3.2095924066330314e-05,0.8261827354630693,0.8262742920888727,0.7814607464753239,6.947212305150741e-05,0.7813534482681865,0.7815588575486845,0.6023238646825604,0.00016998299949932513,0.6021944430195237,0.6026520807484816,0.7366713186422043,6.429787026941819e-05,0.7366073944588609,0.7367939880608008,6.305502698015271,0.24635235692650917,5.88349361441688,6.509234843350835,4.748374052966635,0.06368859797996738,4.66720131225884,4.827162949368358,5.3808663723369445,0.5399450222160671,4.801812302321196,6.402427361657223,28.879936259847938,4.499604584385338,23.19218691437245,36.02013018912184,5.5653295296730025,0.5543800350134337,4.594013942801224,6.00110361695627,4.938834719359875,0.43688937776551245,4.253004910424352,5.475299898535013,7.646075543016197,1.2993287175964072,5.9216090478003025,9.820245392620567,16.86868876405059,5.341957818580762,8.130843387916682,23.72081920504567,11.870832227688274,0.8000033598233599,10.477507557218104,12.49930466009359,9.73120982137819,0.49702086027376885,8.93960994047423,10.32260696714123,13.252569458757838,1.9362467225729971,10.804634029045701,16.65507551903526,52.767115151499226,13.236609025259538,35.43289563927957,75.37489526904169,1.5100157119330324,0.017277704171958768,1.492270527559093,1.5410988058137338
ga,0,0.1,prune_quant,0.10495740920305252,5,444f64eb6e10496a62a770fea05a926b2ca0add9aa4bf8ebd8795c3a3772b51b,6f09fef12c760797b7975ab048f11d4085c79ba0dbf59c2974a4097b651817b1,14,47,9,,,,0.826121428535525,3.977173227588671e-05,0.8260614978989599,0.8261753505165453,0.7815669970745529,7.068455948840545e-05,0.7814507145305846,0.7816459733657601,0.6023402011380506,0.0001403326676146243,0.6021632297639338,0.6025890607201283,0.7366762089160428,7.41376983431466e-05,0.7365584807311594,0.7367917950832714,5.007348380934635,0.2874640318853142,4.544306344159874,5.36742677959142,3.6186170298606157,0.06632904625821254,3.4973993121335902,3.6984646382431188,4.246841414521137,0.6560319188102375,3.6284465808421373,5.5076238078375646,23.782849930216198,4.564750308786395,15.367861005157414,27.277303400127423,5.684667418759302,0.7297878044444696,4.454312287999839,6.532707897131006,4.9857149831950665,0.463260157011903,4.182948963716626,5.607241997495294,7.903390470892191,1.8959214936951327,5.599199887365103,11.258399672806263,17.81682912260293,6.3168603871848985,7.297828188166018,26.580412117764354,10.692015799693937,1.0147706532982397,8.998618632159712,11.900134676722427,8.68091993033886,0.5442738705762369,7.716379050786296,9.390757807220021,12.206274652853608,2.4685920255287805,9.227807571490606,16.604276467114687,46.05478648840542,13.54595539905834,23.017457049951656,62.705116666224804,1.9820415423935855,0.04716025960622221,1.9165617940354722,2.056561955582512
ga,0,0.1,prune_only,0.10495740920305252,5,0000c2936eb42dd348e807acf69741a0ba821e8158dc87df0878ee563b409f44,6f09fef12c760797b7975ab048f11d4085c79ba0dbf59c2974a4097b651817b1,0,1,69,5464791,4258667,0.22070816614944655,0.8262191258300762,4.440124631506659e-05,0.8261649506608372,0.8262828461969721,0.78158928839086,6.94580449944772e-05,0.7815182882102346,0.7816956029602223,0.6023947432664907,0.00013318308173673803,0.6022348434080547,0.6026318022804186,0.7367343858291422,2.6462427361725054e-05,0.7367057572585312,0.7367759212811161,8.111529446815895,0.22913537561214456,7.788068390615702,8.463996519874806,6.203050212934613,0.039757541425527745,6.163571417952578,6.260438356548548,7.046295783172051,0.8102480913982638,6.520752236247063,8.657411097859343,33.22919000807762,4.032191678937517,26.46139711139978,37.98322292664001,5.754890073561398,0.3906226826859804,5.106533147694512,6.2610489135902725,5.066942609846592,0.2685325588770935,4.612951073795557,5.413201171904802,7.990710204467177,1.2747478816718145,6.851543253287673,10.452690441161396,17.07641597092148,4.493917706425603,10.062954453751432,24.02719934470943,13.866419520377296,0.6165134637771249,12.894601538310216,14.725045433465079,11.33806686848402,0.3139623358549917,10.799530272682507,11.754020815715194,15.127126025035977,1.8785845629504714,13.344507369523246,18.721019756048918,57.561135912921124,13.388884790980926,38.05985611861925,78.32380639077512,1.1558285183116883,0.01374095757515396,1.133949473167897,1.1735953916488029
ga,0,0.1,quant_only,0.10495740920305252,5,57d2e8e3fd851c2a4b17a590cbb495b00e90cec99c266fc84b58aa560144515a,6f09fef12c760797b7975ab048f11d4085c79ba0dbf59c2974a4097b651817b1,14,47,9,5464791,5464791,0.0,0.8262927216681591,0.0001024202958022091,0.8261910143527794,0.8264792195524162,0.78162254523784,5.609759780753668e-05,0.7815401318910754,0.7816913287468895,0.6023096899371213,0.00012545575004210547,0.6021024605014752,0.6024968305872496,0.7367416522810402,5.276309699376239e-05,0.7366926684739968,0.7368173505605262,5.071231485558776,0.25370844678430543,4.604114362402906,5.348617340782867,3.671002993360162,0.08009429785627059,3.524777324249347,3.762306567902366,4.343803397690257,0.6018420660172391,3.7016439717262988,5.451815947890282,24.91755444369143,5.307004391132776,16.100557316084274,32.600774643932745,5.669950417416298,0.6864253789798545,4.497051419655893,6.423484117819268,4.9224804155528545,0.41877767488524487,4.1827301029115915,5.460446933284402,7.79284899123013,1.6505863819574964,5.657759681344032,10.604871017858388,17.387447400018548,5.669569028745908,8.050772277638313,25.336449490860097,10.741181902975075,0.9348423421538218,9.1011657820588,11.772101458602135,8.691963460296392,0.5365064391640803,7.7270816545933485,9.38419330244263,12.452732554326456,2.4307912055735676,9.474068523074191,16.713622429718576,49.041159044943,13.516270467987814,24.749872206390062,62.472385792055135,1.9539841925071362,0.050262244735218765,1.9007862528708106,2.040588016534112
ga,0,0.05,prune_quant,0.0548066571354866,5,4cb7794d5dfcb46da51c52d7439e8c2a6fa5bd6e2f206fce4f875fdda0373e89,6f09fef12c760797b7975ab048f11d4085c79ba0dbf59c2974a4097b651817b1,32,37,1,,,,0.7965901198613526,9.47381518778781e-05,0.796457426217863,0.7966930856135583,0.7536461523643325,0.0002686361103451772,0.7531820913546856,0.753991208803187,0.5726013251067252,0.00019529636051000924,0.5723659271063589,0.5728421675196164,0.7076125324441368,0.00014803695602557922,0.7074323647300623,0.7078421539787872,4.670602187105821,0.21986773862756506,4.247761501685806,4.825149336517432,3.2734620540092387,0.05458853264414519,3.1678618397563696,3.3168920781463385,3.837494126831492,0.5054413025637036,3.25750542494158,4.782035915801923,24.564561080797752,4.554809244189813,16.472204184769595,29.984032173320905,5.324510713834097,0.6110977658076112,4.119140574164051,5.78337882100378,4.668412869796157,0.42778419400316636,3.872768022119999,5.042086122557521,7.356024477630854,1.406948720324514,5.054099811241031,9.443612070754172,16.09310694970185,5.9327570450192395,6.54908229596912,24.876647600904082,9.995112900939919,0.8280019774571401,8.366902075849858,10.608528157521212,8.004639530554414,0.4968805666618104,7.056673057377338,8.423856304337582,11.353286113590004,1.911437424577207,8.304915080467861,14.311986975371841,48.19314676646563,13.00271910342157,25.94858176073903,65.00835322153485,2.190797084165818,0.044600494145818854,2.134212686579189,2.270496231416314
ga,0,0.05,prune_only,0.0548066571354866,5,fa75ddde006d1314d70311836560da320315abb03c29d01abaaf20afdf13123b,6f09fef12c760797b7975ab048f11d4085c79ba0dbf59c2974a4097b651817b1,0,1,69,5464791,3053007,0.44133142511763035,0.8256044738242574,2.4015087877774135e-05,0.8255750970580406,0.825629124818329,0.781268567390183,7.404901544815822e-05,0.7811339066754048,0.7813325915522245,0.6021737821964632,0.0001045130090462669,0.6019811285988605,0.602265446724146,0.7363489411369679,3.134795578567004e-05,0.7363100103233147,0.7363903700660592,7.704836147477619,0.22031442883556665,7.307688498431208,7.917409266407846,5.8237183218201,0.04909510221220922,5.76242501847446,5.86879098167022,6.532698720693588,0.5682049547273449,5.871760255346696,7.5167006192108,33.16528403260703,4.17664178640685,24.929003659619177,36.07302855388272,5.484354510162048,0.5709782724460193,4.432542872958223,6.024356655799406,4.790733754634857,0.33188000724449107,4.182819975540042,5.123320966959,7.642633151262999,1.3818516300250656,5.44791161082685,9.358606021851301,15.816574433818436,6.054150841028038,7.1410165540873916,23.94938100129364,13.189190657639667,0.790591523189994,11.74023137138943,13.921663237757146,10.66718480239312,0.37357709714516124,9.966021791721385,10.971461422741413,14.508644848441085,2.181694282117814,11.318030518790085,17.643569797898337,57.503942932920154,15.242888264684346,33.26404158645255,80.09792403937823,1.231105893330029,0.012177962189229383,1.212542609248663,1.2481929648984063
ga,0,0.05,quant_only,0.0548066571354866,5,5c3e250360740ad3ea1275e5e0752a52fd423c3c4abedd0e2e31bbb3e074645e,6f09fef12c760797b7975ab048f11d4085c79ba0dbf59c2974a4097b651817b1,32,37,1,5464791,5464791,0.0,0.8040260484292799,0.0001214031909666304,0.8038403996212798,0.8041826911528832,0.757914193253636,0.00041481564867031404,0.7575398412665306,0.7586216353330073,0.5604300549047907,0.000400143502960226,0.5601735236604621,0.561225341273452,0.7074567655292355,0.00023710745825689653,0.7072539845484332,0.707895792075913,4.7681933206174465,0.22430520788341235,4.41573609268105,5.076627671267079,3.3912083910157285,0.05990996895192223,3.327883624782165,3.4932480193674564,3.733499894539515,0.17025308808499787,3.439198061823845,3.908053133636713,24.857858667139592,3.640793386707962,17.614796844611213,27.028900251403314,5.205135552817513,0.5358801605950875,4.2539010050328105,5.884464846948935,4.643496451899409,0.43030510334056643,4.02851402759552,5.274445051327348,6.876759463921189,0.8723695104066218,5.251658894121647,7.718451181426644,15.522781755775188,4.596364913114149,6.739872237667433,19.42478967830536,9.97332887343496,0.7562597957430974,8.66963709771386,10.961092518216015,8.086637423063317,0.5013473846530264,7.3863885675867405,8.847117346401015,10.923515890414517,1.2548229656752987,8.642485598102212,12.126305637260279,44.431567110733525,9.134881744948563,26.36106666176548,50.91928816709977,2.1145922065895055,0.03357956591696777,2.0665692619874827,2.1613190783632645
greedy,1,,fp32,1.0,5,c85eb9c4cf7e2ee3713815ef042486587c9a2cae118496e32ea30aa7791686a5,6f09fef12c760797b7975ab048f11d4085c79ba0dbf59c2974a4097b651817b1,0,1,69,,,0.0,0.826197245114928,3.97310170131398e-05,0.8261445905450339,0.8262507654750187,0.7815724670793155,4.0685785458219544e-05,0.7815036033534507,0.781613503606537,0.6021543405538426,0.00017018588508490004,0.6018503690833094,0.6023735679377613,0.7366413509160288,7.613709898410614e-05,0.7365101781701546,0.7367344671324759,8.855597806849087,0.1917058824841448,8.532149163007983,9.128414712726892,7.145383550475041,0.05740366448469877,7.0662602471808595,7.21876237851878,7.438983302563429,0.17611498594779856,7.144575876494248,7.609731688474615,33.32308812934535,4.28412776829976,25.66593159609412,38.639542385919384,5.132010491286879,0.5172123324667849,4.181519670796135,5.698659876725897,4.6849943697452545,0.42030255764157065,3.9762670639902353,5.265237996354699,6.589984018355608,0.8014670931246138,5.082109849900008,7.394241401925684,12.857170030474629,3.533319103568368,6.14654659293592,16.52767898514866,13.987608298135967,0.705468463081405,12.713668833804117,14.82707458945279,11.839736361677447,0.47604866743503826,11.054114283372957,12.502365357552964,14.239660088593762,1.0913029107012064,12.234953216587506,15.286880343531571,49.22791069372019,9.083318740363435,32.58678555176573,59.88572476430386,1.0,0.0,1.0,1.0
greedy,1,0.3,prune_quant,0.3019222021102905,5,529d8537ed038c526e69cc686574b7cc8c1c2ad43df173b170e29f153f6d5d8b,6f09fef12c760797b7975ab048f11d4085c79ba0dbf59c2974a4097b651817b1,0,26,44,5464791,4316459,0.21013283033148022,0.8261341830887762,6.940672723675189e-05,0.8260533468283496,0.8262157577435822,0.7815839090145917,8.165080016539634e-05,0.7814839737117688,0.7816950318905723,0.6023171164085475,0.00013809185396386416,0.6021145889259389,0.6024865747489718,0.7366784028373051,6.616751706797846e-05,0.7366101333798708,0.736787327470967,8.36387231907989,0.284719342039601,8.118028552081412,8.886548920205023,6.691086090480288,0.05477973100237217,6.591534319644173,6.754374519611399,6.988783115521073,0.17285087073266342,6.715870912497243,7.211288421725233,32.370903880631474,3.9072240686483473,26.535730635112472,38.840538480614924,5.233657139610101,0.5409434295886546,4.480389851473934,5.972098840906583,4.750084038823843,0.5015342849602807,4.03082394041121,5.408069118857384,6.740578804165125,0.8371175486264731,5.523874517530204,7.791943149641156,13.49057829193769,2.862895124357969,9.778088396415106,17.486639190465205,13.59752945868999,0.8068694712355704,12.60699801243639,14.858647761111605,11.45324227400124,0.55980954351327,10.63735402810077,12.205736866841715,13.985929007952413,1.1601544046034662,12.320059910416605,15.4864553672572,48.867273518181925,7.053893388176487,38.32609374695714,57.72155473628341,1.0679119558723185,0.005578542113763624,1.0611181752430772,1.0751805656996238
greedy,1,0.3,prune_only,0.3019222021102905,5,4f1e6c967a81a2ba8c2004b1c85c381813a4f44b8964b3525bf07114a8633e0a,6f09fef12c760797b7975ab048f11d4085c79ba0dbf59c2974a4097b651817b1,0,1,69,5464791,4316459,0.21013283033148022,0.8262146588399728,3.1996086719048294e-05,0.8261729225347716,0.8262548568393328,0.7816096658325167,6.181946435006931e-05,0.7815225504974349,0.7817055793774389,0.6021888954009211,0.0002188061513031755,0.6018437431653951,0.6024004766140316,0.7366710733578035,7.599725730763781e-05,0.7365727664328842,0.7367716134149921,8.016825943290895,0.28811862644740127,7.51936301449843,8.330087066050712,6.169291477029523,0.0796969750332748,6.0217666905373335,6.261217640712857,6.4737430432190495,0.21072175755765685,6.124899381150802,6.752669019624591,33.012420156332276,5.194002574434493,24.723850125431,39.11098585151937,5.300219506473015,0.5621945015127852,4.4696517166347896,6.033601955385215,4.868904361501336,0.48118881726261137,4.157101968303323,5.416767904534936,6.828756295144558,0.7595003026408941,5.710041476413608,7.798331556841731,12.945935426279865,4.288665447612944,7.236947873607276,18.57106124982237,13.31704544976391,0.8451147793909191,11.989014731133219,14.363689021435928,11.067560066779453,0.5588866046168937,10.210106692587335,11.738173974057037,13.457325333729386,1.118402130338473,11.779982612157863,14.905255272363625,53.1250646424635,11.600981710534345,34.43048631770883,69.30289889063556,1.15832259872284,0.01018106994713481,1.1466359261073806,1.17345300977616
greedy,1,0.3,quant_only,0.3019222021102905,5,8b75740ffa26236b71c6a185ae18c16af5474a62934c472dfa6c22917dbd6320,6f09fef12c760797b7975ab048f11d4085c79ba0dbf59c2974a4097b651817b1,0,26,44,5464791,5464791,0.0,0.8261280617738544,7.197705442176491e-05,0.8260268281394747,0.8262169983553865,0.7815883460468205,3.2838854606966784e-05,0.7815515758157996,0.7816380123932012,0.602299565688757,6.768138097356367e-05,0.60217399371887,0.6023697825422372,0.7366719911698107,4.687305222475428e-05,0.7366026445932664,0.7367188873725928,8.993777963153232,0.45437882205088,8.403787798011713,9.585389171969767,7.3314847114185495,0.11537983321338004,7.170018274337053,7.464655364553134,7.62657495525976,0.28813206758466064,7.245257993539173,7.935528162245949,30.939710891480097,5.649862299983252,22.345170990239957,37.360230013712055,5.310469326891668,0.8602509565439087,4.112943942107306,6.273179293035953,4.868730995804071,0.660589830701517,3.9472701027989388,5.576404044404626,6.924496544525027,1.3328693748037062,5.062805349007249,8.284472674131395,13.04052809067068,5.498102208405702,6.198369348421693,19.086976395919848,14.304247290044898,1.3041596594246707,12.516731740119019,15.677802312367104,12.240553833544254,0.7972526939475553,11.133262732376654,13.094786166523892,14.72571026533842,1.7688254127798098,12.280121461177867,16.479125727588933,52.132969760012585,17.1583131199103,30.01452543150574,73.60893261928142,0.9747408577941664,0.00827656498865382,0.9617774347775855,0.9855289033882152
greedy,1,0.25,prune_quant,0.24907951056957245,5,6ebe0cbf0b46d21012c3866efa25409e576194cb0d65dc379a413f8495177a03,6f09fef12c760797b7975ab048f11d4085c79ba0dbf59c2974a4097b651817b1,0,31,39,,,,0.8261213315417842,5.393274806316589e-05,0.8260206411797304,0.8261728068648108,0.7815706795385768,4.748153841919549e-05,0.7815094452346388,0.7816498794746295,0.6022054545969022,0.00016604472226260805,0.6020382428869558,0.6025074476783824,0.7366324885590878,7.571624175211184e-05,0.736548175207767,0.7367478003942578,8.223854421299746,0.2666026640416528,7.75302393543783,8.567778572446395,6.6452818146596355,0.05268599110227693,6.557577755302191,6.720852650081118,6.994502131516735,0.20928558640345177,6.642646326993902,7.296469388529659,29.077165065940363,4.544677802010249,21.119920136394157,33.483783941080745,5.247845031636522,0.5588935090992558,4.2806833402278155,5.986547130490604,4.750848049297929,0.38264255832037064,4.074574215337634,5.167485913261771,6.949299136176705,0.9311056233183203,5.340044433251023,8.19701747968793,13.17876829206941,4.688136389664175,6.631373511627316,19.769796412438115,13.471699452936269,0.8246141120917804,12.033707275665645,14.554325702936998,11.429630080237985,0.4327046813588213,10.650594097872574,11.920136942838628,14.158705295994878,1.3905626386467742,11.966184837122759,16.31126144590477,43.63412682276214,11.194510973350624,29.087824135385567,58.57346794256462,1.0752739996610594,0.006248274337940835,1.063796073381659,1.0816836045556482
greedy,1,0.25,prune_only,0.24907951056957245,5,4f1e6c967a81a2ba8c2004b1c85c381813a4f44b8964b3525bf07114a8633e0a,6f09fef12c760797b7975ab048f11d4085c79ba0dbf59c2974a4097b651817b1,0,1,69,5464791,4316459,0.21013283033148022,0.8262001937039549,9.143398973759545e-05,0.8260830448300025,0.8263460147880779,0.7815445447034184,0.00013872104783952606,0.781361282972875,0.7817141087208754,0.6023160120990797,0.00019248003435041303,0.6019957989006596,0.6025614276089596,0.7366869168354843,0.00013637413877902156,0.7364800422345122,0.7368738503726376,7.871743250334227,0.23216667283126696,7.537294994477125,8.096190471348246,6.152485016112527,0.07061154764176454,6.049642339348793,6.245817678670089,6.417716595654686,0.19549452549387264,6.177484492460886,6.659803492948413,29.003148006258584,3.5758011208153917,24.210703422610052,32.46767459435473,5.044292450152117,0.48035710452072056,4.3776150028361345,5.559024597919516,4.656996950507164,0.35446430984210786,4.1420189663767815,5.009080050513148,6.495062662288547,0.7509984584834342,5.326051963493228,7.339903712272644,11.73816535249351,3.779584897625192,6.551763862371444,15.849694991484247,12.916035700486344,0.7046916949775187,12.024064750343115,13.61078954816631,10.829418261225026,0.40952186978710936,10.258959140628576,11.274757018933695,13.003773856908083,1.0340332835754973,11.47276049790283,14.199928722033897,46.407321250672,10.984464635235671,32.51110715790062,58.82198591404632,1.1614288904233636,0.004334745214361997,1.1557753924152103,1.1680459522738496
greedy,1,0.25,quant_only,0.24907951056957245,5,282b193524985f1991e24d6d99e56cc1c8ec137a372074fa183694dcfb2bb151,6f09fef12c760797b7975ab048f11d4085c79ba0dbf59c2974a4097b651817b1,0,31,39,5464791,5464791,0.0,0.8261410392760261,4.0157715737797265e-05,0.8260836389424169,0.8262015192691284,0.7816107340306189,7.403164513032284e-05,0.7814740895896624,0.7816943580562611,0.6022978004654517,0.00011483169612644514,0.602164143439923,0.6024507722576112,0.7366831912573656,5.022665396595553e-05,0.7366163587455384,0.736767188095878,8.338193036103942,0.303174087267808,7.9608710755328405,8.718774877301204,6.7908016343911495,0.07197994611547659,6.702216962973277,6.896710644165675,7.070751100157698,0.2338183267669247,6.786151618386309,7.362966906900207,29.17714477391155,5.6103557228406284,22.25708012778185,35.452582581576124,5.116336001239429,0.7069985632555682,4.233360048976938,5.960585192874565,4.694260796532035,0.5349177654406027,4.002128029242158,5.317644914612174,6.479599177837372,1.0898215106214366,5.1282058004289865,7.8818019945174465,13.117170955985767,5.369002706662982,6.561074471101162,18.7003895640373,13.454529037343372,1.0080942862596085,12.242875443473014,14.679360070175768,11.515359099333486,0.6165873459391564,10.741101810708642,12.268715460474294,13.764125443994999,1.4831511386552167,11.92373746695618,15.4216381876419,48.89418880826538,16.991982943637485,29.70277678841027,71.72004987795162,1.0522507874697369,0.004750542778006076,1.0466964254366025,1.0579753968530412
greedy,1,0.2,prune_quant,0.19677375257015228,5,7b8ffb5fab14f3eef7d8283d2c757490c09d24d89d8f9ad8be2098ec210eecd3,6f09fef12c760797b7975ab048f11d4085c79ba0dbf59c2974a4097b651817b1,2,31,37,,,,0.8261988230461469,0.00010055821975778889,0.8260421466068175,0.8263307969875175,0.7816081786650507,0.00012017499667308848,0.781459339914663,0.7818264606472661,0.6022536701884731,0.00017744474972667768,0.6019432223685032,0.6024210553475805,0.7366868906332236,0.00010769935188019595,0.7364815696299946,0.7367770886997714,6.314816171046918,0.16967586873303217,6.0905508565759305,6.55827404338938,4.8574462843437995,0.030959354055231647,4.817136408140262,4.894361287976305,5.127820248405139,0.13831532708819208,4.93321418762207,5.273840855807066,25.066954208524812,3.9265062549454623,20.212173496049125,28.960155118243822,5.0259603353507725,0.46828789217582817,4.4433396524875155,5.523963529166811,4.583274200558662,0.36112481791772993,4.069953924044967,5.001310026273131,6.497488180175424,0.7760720725628637,5.405606003478169,7.337042037397623,12.442425128072475,3.498818520002666,6.9868991710245565,16.305611347779617,11.340776506397692,0.6331150413116533,10.533890509063447,12.08223757255619,9.462897852063179,0.39040276895251186,8.921426022425294,9.890007165571053,11.710445142040651,0.9855849540697358,10.301072911048928,12.650980086376268,43.982794385392125,6.99816602638094,33.00354746169179,52.97532219749134,1.4710083266023257,0.005278558166202125,1.4648257082699072,1.4801103141773024
greedy,1,0.2,prune_only,0.19677375257015228,5,4f1e6c967a81a2ba8c2004b1c85c381813a4f44b8964b3525bf07114a8633e0a,6f09fef12c760797b7975ab048f11d4085c79ba0dbf59c2974a4097b651817b1,0,1,69,5464791,4316459,0.21013283033148022,0.8261810707338508,1.8388020111093774e-05,0.8261453431408664,0.826195794834984,0.7815441071660401,2.4489613003250776e-05,0.7814954893204195,0.781559442293723,0.6022343325831353,0.00015667721807572648,0.60195326252931,0.602428058645589,0.7366531701610087,5.308547180382855e-05,0.7365666799109843,0.7367250764028546,8.05909658745917,0.39318947221765577,7.615261319832113,8.724235830204195,6.15047519095242,0.0662486471569159,6.073077286904057,6.234022711093227,6.5545914104829235,0.4141226500688486,6.152350548654795,7.312001753598452,31.93216052649671,6.3540808502944275,24.937407501646053,42.238664732605095,5.188865946864011,0.6928280977396826,4.206538630640077,6.1735747132945935,4.702997207641602,0.4646918082774986,3.990578930824995,5.265592131763697,6.868507517501712,1.223237255843184,5.164563469588757,8.805359713733196,12.921357147395593,5.039796390873339,6.076234765350819,19.28466796874993,13.247962534323179,1.079122549928123,11.82179995047219,14.897810543498789,10.886571276932955,0.5460203190774301,10.078891568506759,11.589401867240667,13.561894816036027,1.8731855526435086,11.263457142437499,16.76904110548397,48.61954292591327,12.805719287547326,32.02092960164801,61.78956811004056,1.1618136896501912,0.007232891036328478,1.1504252903503454,1.1704912936407281
greedy,1,0.2,quant_only,0.19677375257015228,5,d13a47f17a2ddb498ba0883ad55e8dcedffec095a365b11ad0126e77961d31c5,6f09fef12c760797b7975ab048f11d4085c79ba0dbf59c2974a4097b651817b1,2,31,37,5464791,5464791,0.0,0.8262825056990521,7.888628658982754e-05,0.8261381411633107,0.8263638506525092,0.7815888342757477,7.662734368753844e-05,0.7814509633893406,0.7816852740855638,0.6020879531590293,8.744042283996953e-05,0.6020065192861795,0.602239241233822,0.7366530977112764,2.7316915110595188e-05,0.7365992481522766,0.736673924690486,6.535679042120333,0.26220181924959735,6.174537911586004,6.764223452184425,4.984058874348799,0.060557410189195915,4.891747065509359,5.04638960895439,5.280570372318228,0.20986848809590697,4.980836498240629,5.471520544961095,25.230667363217616,4.094395905970602,20.292790674901983,30.720548406228872,5.284697371818721,0.5757416102041122,4.4487963147907035,5.861898961613895,4.874456021934748,0.4348250262753147,4.2302110232412815,5.364537937566638,6.866855639964342,0.9618349010192386,5.333991069346666,7.67623377032578,13.243488147854787,4.695439852238381,7.132213907316325,18.52346113882958,11.820376413939055,0.8367593544100551,10.623334226376707,12.62612241379832,9.888951759785414,0.5021610223591527,9.13755005846421,10.461700459321339,12.211054873963198,1.2270276659795836,10.295359091833234,13.306263570363324,41.85341524207364,10.423280662325006,29.19040973607375,52.36379657560353,1.4337401334349775,0.009690383534921363,1.4211699736251762,1.4445269047133524
greedy,1,0.15,prune_quant,0.14941340684890747,5,a8e2214a79120d255772bf073b811e3a8dfb247998ec4d7e0c440e05eb97dbee,6f09fef12c760797b7975ab048f11d4085c79ba0dbf59c2974a4097b651817b1,3,37,30,,,,0.8262173548816971,3.999251001879913e-05,0.8261554294927341,0.8262806239639552,0.7818117137629507,4.809267009110565e-05,0.7817587809000832,0.7818914475872918,0.6024391213541473,0.00018652200023263298,0.6021732615486282,0.6026858128556456,0.7368227299995983,5.493275468565131e-05,0.7367557330573403,0.7368924040781417,5.934049047431481,0.18560963420838683,5.669096002243466,6.118726973615008,4.481142200529575,0.0428648278407589,4.417692388718327,4.5363763347268105,4.7916048392653465,0.16374440913762622,4.568990645930171,4.9468363635241985,27.029725784423324,2.9526543459821726,24.501854752488825,32.7011291713638,5.222719168793379,0.41456711516427835,4.529733329364804,5.591388235296565,4.689720319584012,0.31831873564176383,4.147111903876066,5.00121689401567,6.878982875496149,0.6603942842915091,5.671610264107586,7.378400769084693,13.751492321491217,4.256609602884988,8.787569599226112,19.292771182954255,11.156768216224858,0.5971580325663346,10.19882933160827,11.700609752945484,9.201003471389413,0.3594605808325737,8.590334250281256,9.557502577081323,11.788665065541863,0.9232799099880309,10.235226123283306,12.699263046185177,46.734130004410275,5.571517060127235,37.12565264042577,53.85987589445152,1.5945796362596245,0.00641374190361387,1.5826149680438737,1.6005776999795789
greedy,1,0.15,prune_only,0.14941340684890747,5,4f1e6c967a81a2ba8c2004b1c85c381813a4f44b8964b3525bf07114a8633e0a,6f09fef12c760797b7975ab048f11d4085c79ba0dbf59c2974a4097b651817b1,0,1,69,5464791,4316459,0.21013283033148022,0.826183733743887,6.917742043699638e-05,0.8260562169902951,0.8262590776538631,0.7815556619773566,5.580992261127258e-05,0.7814800305032691,0.7816278834300742,0.6022169527865237,7.887815407092713e-05,0.6021529523920753,0.6023666871337738,0.7366521161692556,2.7299369667664868e-05,0.7366158456557296,0.7366941840871145,8.096762141073999,0.27105558201163127,7.654411103180779,8.479328443484878,6.1682176776230335,0.04985238832674167,6.083940621465445,6.220557338868578,6.789877787232399,0.6671151251956768,6.181534705683589,8.086568132663768,33.2568339475571,3.9939899647460093,25.721517611898626,37.0901318142652,5.384145612485369,0.5442155009328259,4.439165419937971,6.141867162607706,4.74616140127182,0.2888507448054275,4.1839859914034605,4.9927078653126955,7.246641926467419,1.2657873336021135,5.420139757916331,9.39581645652652,15.929132446646667,5.7935054143738,6.768953567370765,24.82875343412158,13.480907753559368,0.8071860193350403,12.093576523118749,14.621195606092584,10.957248974591494,0.3550445358101373,10.292346045995753,11.363667047893006,14.227283339326581,1.9866436269625007,11.56513251674672,17.744039216389258,56.95097282589511,12.48282923041855,33.46975428981899,69.70262324125697,1.158483516615652,0.012118072093465625,1.1391430770011484,1.17557057763367
greedy,1,0.15,quant_only,0.14941340684890747,5,a54d51f5cb7b089b49d482ce11e14c32203b2f18a0951eb92a8d0868e07c3b28,6f09fef12c760797b7975ab048f11d4085c79ba0dbf59c2974a4097b651817b1,3,37,30,5464791,5464791,0.0,0.8262531498321541,2.0699178902713166e-05,0.826222557006838,0.8262845346885355,0.7815344052054035,5.8266652710190524e-05,0.7814797127367279,0.781614184897015,0.6022759843951315,0.0002444881518598415,0.6018239983683944,0.6025315581134515,0.7366878464775631,8.756170193532994e-05,0.7365180391194054,0.7367611728093463,6.219140852891562,0.23946742742796753,5.783142406711723,6.489376057437735,4.635739078124365,0.05872891035810458,4.544376318032543,4.723822697997093,5.205382325996956,0.45894299169641456,4.650758656983575,6.047139037400484,27.159736555056526,4.283638521949576,19.282202369831182,31.77722006414084,5.523219032946072,0.6100262216865245,4.361196217278634,6.069389603851918,4.8999938648194075,0.4356123477804985,4.134615184739232,5.44997095130384,7.46576240286231,1.213152052280868,5.389244249090552,9.165169531479478,16.14399997517462,5.447561036354354,7.055599829182029,23.61422870308153,11.742359885837635,0.8419048200831009,10.144338623990357,12.455256963389916,9.60612727018694,0.5183403579756944,8.683821264033515,10.259204388906557,12.904290690397223,1.8869135530827297,10.020989660794536,15.95338076973955,50.40191116120822,12.461878815795165,27.15718870981294,63.77643529945525,1.5415013605415435,0.013446891961355944,1.5263193407702955,1.5603418720100062
greedy,1,0.1,prune_quant,0.09847785532474518,5,36db4a103cbdd45c8f89e9b3d6c8a3341993b17f951ec0aee8b6fbafd3512341,6f09fef12c760797b7975ab048f11d4085c79ba0dbf59c2974a4097b651817b1,13,50,7,,,,0.8261677578308546,5.972289238346191e-05,0.8260854772409126,0.8262501168512881,0.7816552644609206,8.116238425147964e-05,0.7815898021651233,0.7818073596093267,0.6024729921157871,0.00015710656880337298,0.6021837461249887,0.602625510539206,0.7367653381358541,8.268942198682846e-05,0.736633017266839,0.7368943289999402,4.867035659050556,0.28556591440915147,4.482743781124532,5.21070538108635,3.453223562488953,0.06262022693350465,3.3871236567695937,3.5623630974441767,4.0852581306050215,0.6533713203941797,3.5028202924877405,5.316967672357956,23.02436941798947,3.780583180251906,15.930756879959759,26.13659569371641,5.5444859692648825,0.7530551143978199,4.354189377009469,6.439938982105317,4.801979288458824,0.4539286181164587,4.124650033190846,5.551883950829506,7.721597878262401,1.8461101864165026,5.377395311370492,10.698265861719847,16.695133887231314,5.850980438411087,6.489804629236458,22.771501997485693,10.411521628315437,1.035174536739824,8.836933158134002,11.650644363191667,8.349242092420656,0.5449004765433041,7.543597370386124,9.229177997137109,11.954226925348243,2.485761575211156,8.843360903362433,16.090553688506287,52.308438247683036,14.443312022154835,24.785792290533482,66.78262191824011,2.0698002009490537,0.037268782502494706,2.0132078598628746,2.1136506588197617
greedy,1,0.1,prune_only,0.09847785532474518,5,850cb6bb2724e760cb7f367a2def984ad723c7868dfc05baa85d7540826b5640,6f09fef12c760797b7975ab048f11d4085c79ba0dbf59c2974a4097b651817b1,0,1,69,5464791,4258667,0.22070816614944655,0.8261919157428845,5.4062573994478025e-05,0.8261288316013929,0.8262926090467391,0.7815516541893255,0.00011342212376864849,0.7813435052526596,0.781664009796775,0.6022055341137142,0.00016352823138584708,0.6019761385028589,0.6024425960464457,0.7366497013486415,0.00010298859109258988,0.7364828251189706,0.7367997382966532,8.136393437403246,0.29892577809975307,7.773371441852012,8.649569172184837,6.137260918815931,0.048347937607276896,6.050662603229284,6.2004136852920055,6.928437516714135,0.8537287253343978,6.273047036180893,8.612151304259896,32.640075525252065,3.4708488280347978,26.90469318067892,36.58936800744084,5.687422976637016,0.575905755310263,4.757080335027391,6.464609693810802,4.978185566142201,0.2866384267042264,4.492457956075668,5.332935135811567,7.95144378207624,1.5209204704475219,6.242547929286957,10.718753514811397,17.196052284911257,5.392502061176011,7.963872216641901,24.840689795091738,13.823816414040262,0.8649271435015811,12.530451776879403,15.114178865995639,11.179522502546508,0.3598480164599348,10.559506171072524,11.57207026456793,14.960538561766347,2.292988534876387,12.433330124864977,19.17280692917606,56.13273745897951,12.006164050344024,33.30052112538012,67.14801164342734,1.1643020745191475,0.009734151406574817,1.1492934415747924,1.1749190840604915
greedy,1,0.1,quant_only,0.09847785532474518,5,6c71b271643d58e121e22531b704a52557485cf4905b96a864c7a08e5d034932,6f09fef12c760797b7975ab048f11d4085c79ba0dbf59c2974a4097b651817b1,13,50,7,5464791,5464791,0.0,0.82625818828626,5.0011561596577543e-05,0.8261689000134266,0.8263190330445938,0.7814824668216865,7.62311460394539e-05,0.7813560128400558,0.7815916209547925,0.6021931068863535,0.00014350003853269217,0.6020217777780332,0.6024519365319648,0.7366445873314333,6.400167792307405e-05,0.736554406497176,0.7367406032790177,4.8794973993895,0.233164067501145,4.44181522215488,5.07674481922239,3.4927017521113157,0.061014585612796324,3.391504598160585,3.569973943134149,4.091397691518068,0.5677284809636318,3.5187752451747656,5.176003463566304,23.600913270676198,4.611542523646177,15.24789143042229,28.794184072554277,5.326602717730346,0.5623624961189109,4.282575669266854,5.967577796896879,4.691406339406967,0.299499164379748,4.156758077442646,4.964502993971109,7.4494261387735605,1.6302040849772919,5.307383649051189,10.334509750828149,15.38528570346532,5.223042556541025,7.070987420156596,23.551938021555486,10.206100117119846,0.7914721850425066,8.724390891421734,11.044322616119269,8.255292490745585,0.37332856539191683,7.559486121560136,8.609846467152238,11.68389445481201,2.1678661255688785,8.802381639058392,15.485423073793452,48.11225460034272,15.132394654263857,23.920392955954156,71.39032576853529,2.046218271449297,0.026125991799288206,2.0089158917400476,2.090747762819661
greedy,1,0.05,prune_quant,0.04999448359012604,5,c220cab04bc40edf5df587d4126de4b39f9bfb26d3245c38208ce66b5d38475a,6f09fef12c760797b7975ab048f11d4085c79ba0dbf59c2974a4097b651817b1,33,36,1,,,,0.7898592591723098,0.0002559156071302901,0.7895147659264532,0.7901985214618329,0.7457993819559269,0.00016882554550590786,0.7455243911301581,0.746034964221759,0.5631489113040697,0.0002789699440649525,0.5627469904260282,0.5635947752829054,0.6996025174774354,0.00015146038972542597,0.6993420502197271,0.6997886341293952,4.728390722632206,0.20582345637753108,4.361726711423471,4.996926692457259,3.3294953095416226,0.050202689489172544,3.252198453992605,3.396347009887298,3.7416216048101587,0.22254026521828776,3.390815279756983,4.026393840710322,23.286543764783367,3.3912108816461592,16.572306357934103,25.553679335851413,5.290627275588894,0.4721528389789957,4.428188902049499,5.867122111179855,4.7154872212558985,0.3707171035618837,4.097762983292341,5.173517158254981,7.096111327409746,0.7092830932308194,5.849633924663067,7.87630630657077,15.015063846483812,3.947346718764565,7.697103740647435,18.55127749033267,10.019017998221099,0.6763316556971201,8.789915613472969,10.864048803637115,8.11172874333958,0.4364910818789175,7.394698914140463,8.68683548954626,11.057498141502341,1.0723098852907575,9.215303137898445,12.19422267749906,44.71548905595201,12.25864243721519,23.853312730778754,61.888007959341934,2.146338141065974,0.018193298624421452,2.1254490066838967,2.180303801107754
greedy,1,0.05,prune_only,0.04999448359012604,5,af1a471b0e5d4651a57a3fb9c369aaaf8c570035bff8bd3082baa7c46de93bdf,6f09fef12c760797b7975ab048f11d4085c79ba0dbf59c2974a4097b651817b1,0,1,69,5464791,3341055,0.3886216325564875,0.8258152139095637,4.5015771265481285e-05,0.8257562602966084,0.8258936949729024,0.7812419084513709,4.384229202024829e-05,0.7811631423486813,0.781285775885022,0.6019534711696675,0.00014562925746025023,0.6016901177422537,0.6021303044764906,0.7363368645102006,5.3067784899562315e-05,0.7362313421388659,0.736373467718675,7.7412917994855395,0.22651927497685392,7.333056377444797,7.999443579919793,5.876629846170545,0.04792833041655647,5.796668663000067,5.9418453214069205,6.325841297705969,0.36203094428087024,5.89557932689786,6.993005440259974,31.574998262632363,3.382875617214165,25.027462976657418,34.454222240779515,5.393036524674092,0.4813035856767626,4.527066640614164,5.991303930558835,4.8536610789597034,0.269231312323409,4.3306241277605295,5.052607972174883,7.135807182639837,0.9589878359195843,5.486394139006734,8.475954458117485,14.606948500499096,4.5404034175212935,7.001655576750631,20.504072280600624,13.13432832415963,0.7030009002477358,11.860123018058962,13.990747510478627,10.753865043322245,0.3231976150341283,10.14314351292948,11.049519137789805,13.740712897852063,1.5918519482243139,11.329998091484109,16.31233353788654,53.91448177271663,12.262256108139226,32.687106734746244,67.44017959571194,1.2159840830086321,0.014289994876739053,1.1892366537585495,1.2315378154537244
greedy,1,0.05,quant_only,0.04999448359012604,5,151149139fa9662ec437717cf4b883976cb1c2b7f993f82d561227df062a6503,6f09fef12c760797b7975ab048f11d4085c79ba0dbf59c2974a4097b651817b1,33,36,1,5464791,5464791,0.0,0.7961679652353928,0.00013663216065655295,0.7960104715725691,0.7963804794234454,0.7495779394934903,0.00012198508536695834,0.7494029036580254,0.7497398684210071,0.5507556581709394,0.0002394198376780694,0.5503679360932828,0.551012580308218,0.6988338542999408,0.0001582900963474503,0.698625932237237,0.699018436917112,4.901340208445816,0.2692058163223689,4.5007316796749395,5.3346709231824345,3.438834489012758,0.0710673036519562,3.3492196816951036,3.542491157228748,3.9383142286290727,0.35893634099521643,3.498026030138135,4.562582261860371,23.96134383168212,4.229032343200525,16.837092951550115,29.2025072003305,5.387434122569614,0.5191397829347928,4.489308952594924,6.047107913370503,4.809029866009951,0.4241689853595068,4.290394950658083,5.345906130969524,7.2675141878426075,0.9406363375811235,5.564378155395389,8.213232643902302,15.712906667962642,5.111269693182831,7.294339779764406,21.317319553345367,10.288774331015428,0.7826885892141979,8.990040632269864,11.381778836552938,8.299672106901804,0.49691932532238847,7.686437806114554,8.951652950296799,11.443741541976731,1.464887862731672,9.014460366840165,13.397309727345904,47.723906664790086,12.197307570622975,25.41247333709364,62.4261171991563,2.078459569017449,0.030992878795019708,2.024501140341724,2.1098228598741815
