gpu_id,sequence_index,item_id,method,assigned_method,variant,budget,actual_bops,parameter_count_base,parameter_count_pruned,parameter_reduction,AP@0.3,AP@0.5,AP@0.7,mAP,forward_p50_ms,forward_p90_ms,forward_p99_ms,speedup_vs_same_gpu_fp32,int8_count,fp16_count,fp32_count,evaluated_frames,skipped_frames,frame_order_hash,engine_sha256,cache_cleanup_passed,engine_build_invoked
0,0,ga_fp32_original,fp32,ga,fp32,,1.0,,,0.0,0.8262294326661523,0.781715577469372,0.6022834222374901,0.7367428107910049,7.318205277745922,10.889041579018038,41.14549653603042,1.0,0,1,69,1789,0,6f09fef12c760797b7975ab048f11d4085c79ba0dbf59c2974a4097b651817b1,c85eb9c4cf7e2ee3713815ef042486587c9a2cae118496e32ea30aa7791686a5,True,False
0,1,ga_bops_0.30_prune_quant,ga,ga,prune_quant,0.3,0.3042234480381012,,,,0.8260561576951914,0.781547023402242,0.602111655704847,0.7365716122674267,6.744222327445944,9.521449248616895,36.116309892371376,1.0851073589261917,0,26,44,1789,0,6f09fef12c760797b7975ab048f11d4085c79ba0dbf59c2974a4097b651817b1,2a18f8e1e1aeb90af046ad7b8a38934bf222ff0d6dec06d3ba1945fb8b0e98fb,True,False
0,2,ga_bops_0.30_prune_only,ga,ga,prune_only,0.3,0.3042234480381012,5464791,4316459,0.21013283033148022,0.8262003248002417,0.7815552717179105,0.6017116941613588,0.7364890968931704,6.237608691056569,9.300141983355086,41.87598648479346,1.1732389189848833,0,1,69,1789,0,6f09fef12c760797b7975ab048f11d4085c79ba0dbf59c2974a4097b651817b1,da7aa305ac08104fff6d52383e0d979bf1f7f2f0f31504040c802665838d4779,True,False
0,3,ga_bops_0.30_quant_only,ga,ga,quant_only,0.3,0.3042234480381012,5464791,5464791,0.0,0.8260765130416703,0.7814544053720613,0.6021948584190404,0.7365752589442573,7.314769628768166,9.756034364302954,36.4442413983099,1.000469686559129,0,26,44,1789,0,6f09fef12c760797b7975ab048f11d4085c79ba0dbf59c2974a4097b651817b1,2748bf5bfb7dc4982c17917905b246cd2dabcecf54ee1ab8bb329a0084fd747e,True,False
0,4,ga_bops_0.25_prune_quant,ga,ga,prune_quant,0.25,0.25451675057411194,,,,0.8262379858524644,0.7817059958037961,0.6027180778012895,0.7368873531525167,5.0045272801071405,7.462641146654886,33.5760908853117,1.4623169918237011,1,29,40,1789,0,6f09fef12c760797b7975ab048f11d4085c79ba0dbf59c2974a4097b651817b1,6c950f8ddadf52420fe8581a8fca2afa9cf73b1e793cd0287ceddb310e7f6233,True,False
0,5,ga_bops_0.25_prune_only,ga,ga,prune_only,0.25,0.25451675057411194,5464791,4334751,0.2067855842977343,0.8263170315664838,0.7815815116282554,0.6023217437217021,0.7367400956388138,6.246136734262109,9.487585676833989,40.47340089763913,1.1716370596889378,0,1,69,1789,0,6f09fef12c760797b7975ab048f11d4085c79ba0dbf59c2974a4097b651817b1,c9279cf04147c6c6d5d0196e426e098690a550af59b9cec493411f4e6f0a046a,True,False
0,6,ga_bops_0.25_quant_only,ga,ga,quant_only,0.25,0.25451675057411194,5464791,5464791,0.0,0.8262527025294967,0.781680954432326,0.6023516466338652,0.7367617678652293,5.207521220048268,8.392184088006617,40.720568171998124,1.405314538051578,1,29,40,1789,0,6f09fef12c760797b7975ab048f11d4085c79ba0dbf59c2974a4097b651817b1,7a2a13752e0d2c96f27b18bf1b6f47acc174b6d88c21c73791cf93b2e9827cba,True,False
0,7,ga_bops_0.20_prune_quant,ga,ga,prune_quant,0.2,0.2043001502752304,,,,0.8263646566051868,0.7815797244272555,0.6021433934004571,0.7366959248109665,4.943730387215813,5.267277080565691,28.100660309803196,1.4803002398088612,3,29,38,1789,0,6f09fef12c760797b7975ab048f11d4085c79ba0dbf59c2974a4097b651817b1,932907fbb35315efc2c5ff1615465d73aa6d6c1ac74d71fd28034b250563a8d4,True,False
0,8,ga_bops_0.20_prune_only,ga,ga,prune_only,0.2,0.2043001502752304,5464791,4298167,0.21348007636522603,0.8262259317015654,0.781570489150299,0.6022999590887559,0.7366987933135402,6.120482692494988,6.269452953711152,26.825248977774166,1.195690870381775,0,1,69,1789,0,6f09fef12c760797b7975ab048f11d4085c79ba0dbf59c2974a4097b651817b1,f9919a0d448f23cddffc4dffa911f500402ccfaf5a09e9dad1dac821b2a1fbd2,True,False
0,9,ga_bops_0.20_quant_only,ga,ga,quant_only,0.2,0.2043001502752304,5464791,5464791,0.0,0.8263362899108657,0.7816522707965996,0.6018726063848904,0.7366203890307852,5.011392990127206,5.2720717930545415,29.37215229184751,1.4603135878912905,3,29,38,1789,0,6f09fef12c760797b7975ab048f11d4085c79ba0dbf59c2974a4097b651817b1,f880f95066d88cedca847e79a5c55cc87a46d9817beaa71f0861c249cef89e41,True,False
0,10,ga_bops_0.15_prune_quant,ga,ga,prune_quant,0.15,0.1545257717370987,,,,0.8262836246956812,0.7814489503232306,0.602285590620884,0.7366727218799319,4.668939393013716,5.003116528193156,27.576010587302292,1.5674234899464294,10,31,29,1789,0,6f09fef12c760797b7975ab048f11d4085c79ba0dbf59c2974a4097b651817b1,ebe44ee96e4652e6b66b13dc89033b05e3ede730446d60485a0623665e02fe62,True,False
0,11,ga_bops_0.15_prune_only,ga,ga,prune_only,0.15,0.1545257717370987,5464791,4298167,0.21348007636522603,0.8261689880113461,0.7815427863518274,0.6023577026214365,0.7366898256615366,6.184090704967578,6.516944492856662,36.34118593296442,1.183392292720954,0,1,69,1789,0,6f09fef12c760797b7975ab048f11d4085c79ba0dbf59c2974a4097b651817b1,f9919a0d448f23cddffc4dffa911f500402ccfaf5a09e9dad1dac821b2a1fbd2,True,False
0,12,ga_bops_0.15_quant_only,ga,ga,quant_only,0.15,0.1545257717370987,5464791,5464791,0.0,0.8262621699976962,0.7814124793495004,0.6021500684028408,0.7366082392500125,4.844787608211239,6.233088237543904,33.338451118504985,1.510531703256214,10,31,29,1789,0,6f09fef12c760797b7975ab048f11d4085c79ba0dbf59c2974a4097b651817b1,f1d0bb24a6cd2b807d7fe5c4721fc7dc625db44a86b9a39e9e54be6aa686c43e,True,False
0,13,ga_bops_0.10_prune_quant,ga,ga,prune_quant,0.1,0.10495740920305252,,,,0.8260618018511644,0.7814705262546087,0.6024289292418339,0.7366537524492024,3.6175313871353865,3.9583332991848392,22.699620810637207,2.0229832155073537,14,47,9,1789,0,6f09fef12c760797b7975ab048f11d4085c79ba0dbf59c2974a4097b651817b1,444f64eb6e10496a62a770fea05a926b2ca0add9aa4bf8ebd8795c3a3772b51b,True,False
0,14,ga_bops_0.10_prune_only,ga,ga,prune_only,0.1,0.10495740920305252,5464791,4258667,0.22070816614944655,0.8263035657576088,0.7816466165105084,0.6023722825083618,0.736774154925493,6.226288620382547,6.512386165559292,28.093661519992942,1.1753719950901163,0,1,69,1789,0,6f09fef12c760797b7975ab048f11d4085c79ba0dbf59c2974a4097b651817b1,0000c2936eb42dd348e807acf69741a0ba821e8158dc87df0878ee563b409f44,True,False
0,15,ga_bops_0.10_quant_only,ga,ga,quant_only,0.1,0.10495740920305252,5464791,5464791,0.0,0.8264470275375759,0.7815846974110752,0.6023991313957796,0.7368102854481435,3.6670240418364606,3.927166030431787,21.19131355545337,1.9956796558336538,14,47,9,1789,0,6f09fef12c760797b7975ab048f11d4085c79ba0dbf59c2974a4097b651817b1,57d2e8e3fd851c2a4b17a590cbb495b00e90cec99c266fc84b58aa560144515a,True,False
0,16,ga_bops_0.05_prune_quant,ga,ga,prune_quant,0.05,0.0548066571354866,,,,0.7968566013956682,0.7535469722565435,0.5724718846914396,0.7076251527812172,3.3379599917680025,3.653775171066324,26.276047180086408,2.1924185118437327,32,37,1,1789,0,6f09fef12c760797b7975ab048f11d4085c79ba0dbf59c2974a4097b651817b1,4cb7794d5dfcb46da51c52d7439e8c2a6fa5bd6e2f206fce4f875fdda0373e89,True,False
0,17,ga_bops_0.05_prune_only,ga,ga,prune_only,0.05,0.0548066571354866,5464791,3053007,0.44133142511763035,0.8256720876401954,0.7812395136794912,0.6019809917121026,0.7362975310105965,5.819941638037562,6.071534628669421,28.626622778037046,1.257436196596219,0,1,69,1789,0,6f09fef12c760797b7975ab048f11d4085c79ba0dbf59c2974a4097b651817b1,fa75ddde006d1314d70311836560da320315abb03c29d01abaaf20afdf13123b,True,False
0,18,ga_bops_0.05_quant_only,ga,ga,quant_only,0.05,0.0548066571354866,5464791,5464791,0.0,0.8036828827553967,0.75749704107287,0.5610833761165627,0.7074210999816097,3.4920840989798307,4.0579427654544515,22.499957925938908,2.09565550837789,32,37,1,1789,0,6f09fef12c760797b7975ab048f11d4085c79ba0dbf59c2974a4097b651817b1,5c3e250360740ad3ea1275e5e0752a52fd423c3c4abedd0e2e31bbb3e074645e,True,False
1,0,greedy_fp32_original,fp32,greedy,fp32,,1.0,,,0.0,0.8263047829103828,0.7817136185608513,0.6022445017952622,0.7367543010888321,7.2796849223474664,10.844777602081496,44.834084330730555,1.0,0,1,69,1789,0,6f09fef12c760797b7975ab048f11d4085c79ba0dbf59c2974a4097b651817b1,c85eb9c4cf7e2ee3713815ef042486587c9a2cae118496e32ea30aa7791686a5,True,False
1,1,greedy_bops_0.30_prune_quant,greedy,greedy,prune_quant,0.3,0.3019222021102905,5464791,4316459,0.21013283033148022,0.8262166848304207,0.7816195981177623,0.6026355858555008,0.7368239562678945,6.731912959367037,10.190058049435418,34.76190254401137,1.0813694363380382,0,26,44,1789,0,6f09fef12c760797b7975ab048f11d4085c79ba0dbf59c2974a4097b651817b1,529d8537ed038c526e69cc686574b7cc8c1c2ad43df173b170e29f153f6d5d8b,True,False
1,2,greedy_bops_0.30_prune_only,greedy,greedy,prune_only,0.3,0.3019222021102905,5464791,4316459,0.21013283033148022,0.8262125109208024,0.7816080628404053,0.6022910358097444,0.7367038698569841,6.269138306379318,9.129040796930592,45.53651020860392,1.161193862151652,0,1,69,1789,0,6f09fef12c760797b7975ab048f11d4085c79ba0dbf59c2974a4097b651817b1,4f1e6c967a81a2ba8c2004b1c85c381813a4f44b8964b3525bf07114a8633e0a,True,False
1,3,greedy_bops_0.30_quant_only,greedy,greedy,quant_only,0.3,0.3019222021102905,5464791,5464791,0.0,0.8261093704587411,0.7815871465317994,0.6023025759034906,0.7366663642980104,7.364058246215184,9.788072047134241,43.14092826717699,0.9885425507177266,0,26,44,1789,0,6f09fef12c760797b7975ab048f11d4085c79ba0dbf59c2974a4097b651817b1,8b75740ffa26236b71c6a185ae18c16af5474a62934c472dfa6c22917dbd6320,True,False
1,4,greedy_bops_0.25_prune_quant,greedy,greedy,prune_quant,0.25,0.24907951056957245,,,,0.826108692301672,0.7816204665759449,0.6023698911364279,0.7366996833380149,6.715338289116819,9.600024980803331,34.88428058411802,1.0840384518148927,0,31,39,1789,0,6f09fef12c760797b7975ab048f11d4085c79ba0dbf59c2974a4097b651817b1,6ebe0cbf0b46d21012c3866efa25409e576194cb0d65dc379a413f8495177a03,True,False
1,5,greedy_bops_0.25_prune_only,greedy,greedy,prune_only,0.25,0.24907951056957245,5464791,4316459,0.21013283033148022,0.8261896672675324,0.7814022492940331,0.6024422037110199,0.7366780400908618,6.226080392176907,9.073715346554916,43.52911092028698,1.1692243697165263,0,1,69,1789,0,6f09fef12c760797b7975ab048f11d4085c79ba0dbf59c2974a4097b651817b1,4f1e6c967a81a2ba8c2004b1c85c381813a4f44b8964b3525bf07114a8633e0a,True,False
1,6,greedy_bops_0.25_quant_only,greedy,greedy,quant_only,0.25,0.24907951056957245,5464791,5464791,0.0,0.8262007254375325,0.7816826270131471,0.6024593538875129,0.7367809021127307,6.873140344396234,10.316680433849493,36.97001841228209,1.0591497565276249,0,31,39,1789,0,6f09fef12c760797b7975ab048f11d4085c79ba0dbf59c2974a4097b651817b1,282b193524985f1991e24d6d99e56cc1c8ec137a372074fa183694dcfb2bb151,True,False
1,7,greedy_bops_0.20_prune_quant,greedy,greedy,prune_quant,0.2,0.19677375257015228,,,,0.8262563446862945,0.7816159107286091,0.602082350636514,0.7366515353504726,4.870353965088725,5.1457895586888,25.421999720842614,1.4946931936629475,2,31,37,1789,0,6f09fef12c760797b7975ab048f11d4085c79ba0dbf59c2974a4097b651817b1,7b8ffb5fab14f3eef7d8283d2c757490c09d24d89d8f9ad8be2098ec210eecd3,True,False
1,8,greedy_bops_0.20_prune_only,greedy,greedy,prune_only,0.2,0.19677375257015228,5464791,4316459,0.21013283033148022,0.8261569053069631,0.7815322431695688,0.6023253761825481,0.7366715082196933,6.106853252276778,6.268526536102097,28.850016286580754,1.1920517198662715,0,1,69,1789,0,6f09fef12c760797b7975ab048f11d4085c79ba0dbf59c2974a4097b651817b1,4f1e6c967a81a2ba8c2004b1c85c381813a4f44b8964b3525bf07114a8633e0a,True,False
1,9,greedy_bops_0.20_quant_only,greedy,greedy,quant_only,0.2,0.19677375257015228,5464791,5464791,0.0,0.8262746195354035,0.7817221662408368,0.6022640757358474,0.7367536205040293,5.008043333267172,5.3870726221551495,29.12516935416903,1.45359862882782,2,31,37,1789,0,6f09fef12c760797b7975ab048f11d4085c79ba0dbf59c2974a4097b651817b1,d13a47f17a2ddb498ba0883ad55e8dcedffec095a365b11ad0126e77961d31c5,True,False
1,10,greedy_bops_0.15_prune_quant,greedy,greedy,prune_quant,0.15,0.14941340684890747,,,,0.8263686503062618,0.7817735182353882,0.6024984117922262,0.7368801934446254,4.539713030681014,4.878307770316799,25.348007855923743,1.6035561880561031,3,37,30,1789,0,6f09fef12c760797b7975ab048f11d4085c79ba0dbf59c2974a4097b651817b1,a8e2214a79120d255772bf073b811e3a8dfb247998ec4d7e0c440e05eb97dbee,True,False
1,11,greedy_bops_0.15_prune_only,greedy,greedy,prune_only,0.15,0.14941340684890747,5464791,4316459,0.21013283033148022,0.8262804705707032,0.7816935907254297,0.6023090083160947,0.7367610232040759,6.203552940860391,6.546239089220762,33.4300840304382,1.1734702664337742,0,1,69,1789,0,6f09fef12c760797b7975ab048f11d4085c79ba0dbf59c2974a4097b651817b1,4f1e6c967a81a2ba8c2004b1c85c381813a4f44b8964b3525bf07114a8633e0a,True,False
1,12,greedy_bops_0.15_quant_only,greedy,greedy,quant_only,0.15,0.14941340684890747,5464791,5464791,0.0,0.8261588849290477,0.781525306846599,0.6021106165640386,0.7365982694465618,4.60562373821934,5.06467119169732,29.143761691314495,1.5806078255888942,3,37,30,1789,0,6f09fef12c760797b7975ab048f11d4085c79ba0dbf59c2974a4097b651817b1,a54d51f5cb7b089b49d482ce11e14c32203b2f18a0951eb92a8d0868e07c3b28,True,False
1,13,greedy_bops_0.10_prune_quant,greedy,greedy,prune_quant,0.1,0.09847785532474518,,,,0.8261143625800403,0.7816198959375427,0.6022763315674357,0.7366701966950062,3.4260553463051715,3.740050597116351,22.431436469765796,2.124800736274807,13,50,7,1789,0,6f09fef12c760797b7975ab048f11d4085c79ba0dbf59c2974a4097b651817b1,36db4a103cbdd45c8f89e9b3d6c8a3341993b17f951ec0aee8b6fbafd3512341,True,False
1,14,greedy_bops_0.10_prune_only,greedy,greedy,prune_only,0.1,0.09847785532474518,5464791,4258667,0.22070816614944655,0.8261694246375654,0.7816174628612343,0.6023568362455151,0.7367145745814382,6.13579829223454,6.437552999705076,29.345587541643482,1.1864283302077625,0,1,69,1789,0,6f09fef12c760797b7975ab048f11d4085c79ba0dbf59c2974a4097b651817b1,850cb6bb2724e760cb7f367a2def984ad723c7868dfc05baa85d7540826b5640,True,False
1,15,greedy_bops_0.10_quant_only,greedy,greedy,quant_only,0.1,0.09847785532474518,5464791,5464791,0.0,0.8263487888774239,0.7816355578272342,0.6022808804024065,0.7367550757023548,3.467040446897348,3.834576097627481,21.98802948617766,2.099682721862115,13,50,7,1789,0,6f09fef12c760797b7975ab048f11d4085c79ba0dbf59c2974a4097b651817b1,6c71b271643d58e121e22531b704a52557485cf4905b96a864c7a08e5d034932,True,False
1,16,greedy_bops_0.05_prune_quant,greedy,greedy,prune_quant,0.05,0.04999448359012604,,,,0.7901430017708229,0.7456401593683536,0.5632980740359124,0.699693745058363,3.29477332221965,3.560525427261988,21.367747634637837,2.209464570219122,33,36,1,1789,0,6f09fef12c760797b7975ab048f11d4085c79ba0dbf59c2974a4097b651817b1,c220cab04bc40edf5df587d4126de4b39f9bfb26d3245c38208ce66b5d38475a,True,False
1,17,greedy_bops_0.05_prune_only,greedy,greedy,prune_only,0.05,0.04999448359012604,5464791,3341055,0.3886216325564875,0.825959860001775,0.7813013964737445,0.6018621344129551,0.7363744636294914,5.80084091052413,6.105470626304547,33.727598941558405,1.2549361436788165,0,1,69,1789,0,6f09fef12c760797b7975ab048f11d4085c79ba0dbf59c2974a4097b651817b1,af1a471b0e5d4651a57a3fb9c369aaaf8c570035bff8bd3082baa7c46de93bdf,True,False
1,18,greedy_bops_0.05_quant_only,greedy,greedy,quant_only,0.05,0.04999448359012604,5464791,5464791,0.0,0.7959077070597422,0.7497794739703899,0.5506517190538467,0.6987796333613264,3.381131992985805,3.7464447164287176,29.873158615071965,2.1530318654963048,33,36,1,1789,0,6f09fef12c760797b7975ab048f11d4085c79ba0dbf59c2974a4097b651817b1,151149139fa9662ec437717cf4b883976cb1c2b7f993f82d561227df062a6503,True,False
